"id_discente","curso","ano_colacao","campus"
5098,ENGENHARIA DE MATERIAIS,2019,Itajuba
9870,ENGENHARIA CIVIL,2019,Itajuba
9270,CI�NCIAS ATMOSF�RICAS,2019,Itajuba
6128,ENGENHARIA QU�MICA,2019,Itajuba
9522,ENGENHARIA H�DRICA,2019,Itajuba
14980,ENGENHARIA EL�TRICA,2019,Itajuba
18525,ENGENHARIA EL�TRICA,2019,Itajuba
13082,ENGENHARIA EL�TRICA,2019,Itajuba
5993,ENGENHARIA EL�TRICA,2019,Itajuba
12224,ENGENHARIA EL�TRICA,2019,Itajuba
13516,ENGENHARIA EL�TRICA,2019,Itajuba
8719,ENGENHARIA AMBIENTAL,2019,Itajuba
4404,ENGENHARIA EL�TRICA,2019,Itajuba
13132,ENGENHARIA EL�TRICA,2019,Itajuba
12511,ENGENHARIA EL�TRICA,2019,Itajuba
10876,ENGENHARIA EL�TRICA,2019,Itajuba
8612,ENGENHARIA EL�TRICA,2019,Itajuba
11351,ENGENHARIA EL�TRICA,2019,Itajuba
7813,F�SICA LICENCIATURA,2019,Itajuba
13440,ENGENHARIA EL�TRICA,2019,Itajuba
18536,ENGENHARIA H�DRICA,2019,Itajuba
11330,ENGENHARIA CIVIL,2019,Itajuba
10096,ENGENHARIA EL�TRICA,2019,Itajuba
9069,F�SICA LICENCIATURA,2019,Itajuba
9412,MATEM�TICA LICENCIATURA,2019,Itajuba
12310,F�SICA LICENCIATURA,2019,Itajuba
17923,MATEM�TICA BACHARELADO,2019,Itajuba
9356,ENGENHARIA CIVIL,2019,Itajuba
4817,Sistemas de informacao,2019,Itajuba
7127,MATEM�TICA LICENCIATURA,2019,Itajuba
8833,ENGENHARIA QU�MICA,2019,Itajuba
14941,Sistemas de informacao,2019,Itajuba
16581,F�SICA LICENCIATURA,2019,Itajuba
5127,Sistemas de informacao,2019,Itajuba
9798,ENGENHARIA CIVIL,2019,Itajuba
17425,F�SICA BACHARELADO,2019,Itajuba
15414,ENGENHARIA AMBIENTAL,2019,Itajuba
7211,ENGENHARIA CIVIL,2019,Itajuba
16267,ENGENHARIA EL�TRICA,2019,Itajuba
22992,F�SICA BACHARELADO,2019,Itajuba
9702,CI�NCIAS BIOL�GICAS LICENCIATURA,2019,Itajuba
15929,CI�NCIAS BIOL�GICAS LICENCIATURA,2019,Itajuba
18912,CI�NCIAS BIOL�GICAS LICENCIATURA,2019,Itajuba
18084,ENGENHARIA QU�MICA,2019,Itajuba
12578,ENGENHARIA CIVIL,2019,Itajuba
8617,Sistemas de informacao,2019,Itajuba
9442,ENGENHARIA EL�TRICA,2019,Itajuba
10595,ENGENHARIA H�DRICA,2019,Itajuba
10065,ENGENHARIA CIVIL,2019,Itajuba
14425,ENGENHARIA CIVIL,2019,Itajuba
4999,ENGENHARIA CIVIL,2019,Itajuba
14068,Sistemas de informacao,2019,Itajuba
13145,QU�MICA LICENCIATURA,2019,Itajuba
8028,MATEM�TICA LICENCIATURA,2019,Itajuba
16364,ENGENHARIA H�DRICA,2019,Itajuba
8272,QU�MICA BACHARELADO,2019,Itajuba
14536,ENGENHARIA CIVIL,2019,Itajuba
10150,ENGENHARIA EL�TRICA,2019,Itajuba
4594,ENGENHARIA QU�MICA,2019,Itajuba
9736,ENGENHARIA CIVIL,2019,Itajuba
11205,ENGENHARIA EL�TRICA,2019,Itajuba
15417,CI�NCIAS BIOL�GICAS LICENCIATURA,2019,Itajuba
13217,CI�NCIAS ATMOSF�RICAS,2019,Itajuba
16795,ENGENHARIA QU�MICA,2019,Itajuba
6238,ENGENHARIA CIVIL,2019,Itajuba
15216,F�SICA BACHARELADO,2019,Itajuba
7171,F�SICA BACHARELADO,2019,Itajuba
10647,F�SICA LICENCIATURA,2019,Itajuba
7314,F�SICA LICENCIATURA,2019,Itajuba
13687,ENGENHARIA CIVIL,2019,Itajuba
8042,CI�NCIAS ATMOSF�RICAS,2019,Itajuba
16392,ENGENHARIA AMBIENTAL,2019,Itajuba
6412,ENGENHARIA DE BIOPROCESSOS,2019,Itajuba
16155,ENGENHARIA CIVIL,2019,Itajuba
7468,ENGENHARIA EL�TRICA,2019,Itajuba
17394,CI�NCIAS ATMOSF�RICAS,2019,Itajuba
9204,ENGENHARIA AMBIENTAL,2019,Itajuba
10959,ENGENHARIA AMBIENTAL,2019,Itajuba
10967,ENGENHARIA DE BIOPROCESSOS,2019,Itajuba
14241,ENGENHARIA QU�MICA,2019,Itajuba
5819,ENGENHARIA CIVIL,2019,Itajuba
6716,Sistemas de informacao,2019,Itajuba
17712,ENGENHARIA H�DRICA,2019,Itajuba
7124,CI�NCIAS ATMOSF�RICAS,2019,Itajuba
16576,CI�NCIAS ATMOSF�RICAS,2019,Itajuba
17482,QU�MICA LICENCIATURA,2019,Itajuba
4785,ENGENHARIA CIVIL,2019,Itajuba
8294,ENGENHARIA CIVIL,2019,Itajuba
18934,ENGENHARIA AMBIENTAL,2019,Itajuba
7063,CI�NCIAS ATMOSF�RICAS,2019,Itajuba
11871,QU�MICA LICENCIATURA,2019,Itajuba
9967,ENGENHARIA EL�TRICA,2019,Itajuba
6062,ENGENHARIA EL�TRICA,2019,Itajuba
4957,ENGENHARIA EL�TRICA,2019,Itajuba
18188,ENGENHARIA AMBIENTAL,2019,Itajuba
7529,ENGENHARIA CIVIL,2019,Itajuba
11487,CI�NCIAS ATMOSF�RICAS,2019,Itajuba
7356,QU�MICA LICENCIATURA,2019,Itajuba
4778,Sistemas de informacao,2019,Itajuba
11198,ENGENHARIA EL�TRICA,2019,Itajuba
10729,ENGENHARIA H�DRICA,2019,Itajuba
13079,ENGENHARIA CIVIL,2019,Itajuba
13578,ENGENHARIA EL�TRICA,2019,Itajuba
15795,ENGENHARIA EL�TRICA,2019,Itajuba
17103,CI�NCIAS ATMOSF�RICAS,2019,Itajuba
14443,CI�NCIAS ATMOSF�RICAS,2019,Itajuba
5285,ENGENHARIA QU�MICA,2019,Itajuba
16901,ENGENHARIA EL�TRICA,2019,Itajuba
7228,Sistemas de informacao,2019,Itajuba
15323,ENGENHARIA EL�TRICA,2019,Itajuba
16926,ENGENHARIA EL�TRICA,2019,Itajuba
9753,F�SICA LICENCIATURA,2019,Itajuba
10733,F�SICA LICENCIATURA,2019,Itajuba
5533,F�SICA LICENCIATURA,2019,Itajuba
16716,F�SICA LICENCIATURA,2019,Itajuba
16606,F�SICA LICENCIATURA,2019,Itajuba
9710,F�SICA LICENCIATURA,2019,Itajuba
9564,F�SICA LICENCIATURA,2019,Itajuba
18813,F�SICA LICENCIATURA,2019,Itajuba
17187,F�SICA LICENCIATURA,2019,Itajuba
15480,Ciencia da Computacao,2019,Itajuba
7362,Ciencia da Computacao,2019,Itajuba
6355,F�SICA LICENCIATURA,2019,Itajuba
25930,F�SICA LICENCIATURA,2019,Itajuba
5990,Sistemas de informacao,2019,Itajuba
7706,Sistemas de informacao,2019,Itajuba
4519,Sistemas de informacao,2019,Itajuba
14840,QU�MICA LICENCIATURA,2019,Itajuba
16216,QU�MICA BACHARELADO,2019,Itajuba
5511,QU�MICA BACHARELADO,2019,Itajuba
6298,QU�MICA BACHARELADO,2019,Itajuba
7906,QU�MICA BACHARELADO,2019,Itajuba
22940,QU�MICA BACHARELADO,2019,Itajuba
10775,QU�MICA BACHARELADO,2019,Itajuba
13194,QU�MICA BACHARELADO,2019,Itajuba
16280,QU�MICA BACHARELADO,2019,Itajuba
6885,ENGENHARIA AMBIENTAL,2019,Itajuba
17850,ENGENHARIA AMBIENTAL,2019,Itajuba
19006,MATEM�TICA BACHARELADO,2019,Itajuba
7155,ENGENHARIA AMBIENTAL,2019,Itajuba
8210,ENGENHARIA AMBIENTAL,2019,Itajuba
8692,ENGENHARIA H�DRICA,2019,Itajuba
11974,Ciencia da Computacao,2019,Itajuba
16733,Ciencia da Computacao,2019,Itajuba
5811,Ciencia da Computacao,2019,Itajuba
12259,Ciencia da Computacao,2019,Itajuba
16276,Ciencia da Computacao,2019,Itajuba
18989,Ciencia da Computacao,2019,Itajuba
14420,F�SICA LICENCIATURA,2019,Itajuba
13585,F�SICA LICENCIATURA,2019,Itajuba
7605,Ciencia da Computacao,2019,Itajuba
18772,ENGENHARIA AMBIENTAL,2019,Itajuba
9252,ENGENHARIA QU�MICA,2019,Itajuba
7628,ENGENHARIA CIVIL,2019,Itajuba
6500,ENGENHARIA CIVIL,2019,Itajuba
18608,ENGENHARIA CIVIL,2019,Itajuba
7165,ENGENHARIA EL�TRICA,2019,Itajuba
7470,F�SICA BACHARELADO,2019,Itajuba
8273,ENGENHARIA EL�TRICA,2019,Itajuba
7715,ENGENHARIA QU�MICA,2019,Itajuba
16013,CI�NCIAS ATMOSF�RICAS,2019,Itajuba
10769,ENGENHARIA CIVIL,2019,Itajuba
18760,ENGENHARIA EL�TRICA,2019,Itajuba
8208,ENGENHARIA CIVIL,2019,Itajuba
17361,CI�NCIAS ATMOSF�RICAS,2019,Itajuba
18339,ENGENHARIA EL�TRICA,2019,Itajuba
17528,ENGENHARIA EL�TRICA,2019,Itajuba
18872,CI�NCIAS ATMOSF�RICAS,2019,Itajuba
15922,F�SICA BACHARELADO,2019,Itajuba
13183,CI�NCIAS BIOL�GICAS LICENCIATURA,2019,Itajuba
15181,CI�NCIAS ATMOSF�RICAS,2019,Itajuba
15142,ENGENHARIA CIVIL,2019,Itajuba
5118,ENGENHARIA H�DRICA,2019,Itajuba
5378,CI�NCIAS ATMOSF�RICAS,2019,Itajuba
8011,ENGENHARIA CIVIL,2019,Itajuba
7653,ENGENHARIA DE BIOPROCESSOS,2019,Itajuba
5667,QU�MICA BACHARELADO,2019,Itajuba
4732,ENGENHARIA CIVIL,2019,Itajuba
14002,ENGENHARIA CIVIL,2019,Itajuba
4461,ENGENHARIA EL�TRICA,2019,Itajuba
9952,ENGENHARIA EL�TRICA,2019,Itajuba
10567,ENGENHARIA ELETR�NICA,2019,Itajuba
15516,ENGENHARIA DE CONTROLE E AUTOMA��O,2019,Itajuba
16624,ADMINISTRA��O,2019,Itajuba
4780,ENGENHARIA DE PRODU��O,2019,Itajuba
9453,ENGENHARIA DE PRODU��O,2019,Itajuba
16300,ENGENHARIA DE CONTROLE E AUTOMA��O,2019,Itajuba
4751,ENGENHARIA ELETR�NICA,2019,Itajuba
6162,ENGENHARIA DE CONTROLE E AUTOMA��O,2019,Itajuba
14850,ENGENHARIA DE CONTROLE E AUTOMA��O,2019,Itajuba
13618,ENGENHARIA DE CONTROLE E AUTOMA��O,2019,Itajuba
11525,ENGENHARIA DE PRODU��O,2019,Itajuba
14642,ENGENHARIA DE COMPUTA��O,2019,Itajuba
18041,ENGENHARIA DE COMPUTA��O,2019,Itajuba
8630,ENGENHARIA DE COMPUTA��O,2019,Itajuba
6951,ENGENHARIA DE COMPUTA��O,2019,Itajuba
4420,ENGENHARIA DE COMPUTA��O,2019,Itajuba
5842,ENGENHARIA DE COMPUTA��O,2019,Itajuba
8193,ENGENHARIA DE COMPUTA��O,2019,Itajuba
6843,ENGENHARIA ELETR�NICA,2019,Itajuba
15307,ENGENHARIA DE PRODU��O,2019,Itajuba
7215,ENGENHARIA DE COMPUTA��O,2019,Itajuba
4456,ENGENHARIA DE COMPUTA��O,2019,Itajuba
17540,ENGENHARIA DE COMPUTA��O,2019,Itajuba
10488,ENGENHARIA DE COMPUTA��O,2019,Itajuba
12197,ENGENHARIA MEC�NICA AERON�UTICA,2019,Itajuba
12036,ENGENHARIA MEC�NICA AERON�UTICA,2019,Itajuba
15659,ENGENHARIA MEC�NICA AERON�UTICA,2019,Itajuba
9476,ENGENHARIA MEC�NICA AERON�UTICA,2019,Itajuba
15427,ENGENHARIA MEC�NICA AERON�UTICA,2019,Itajuba
16928,ENGENHARIA MEC�NICA,2019,Itajuba
13999,ENGENHARIA MEC�NICA,2019,Itajuba
5895,ENGENHARIA MEC�NICA,2019,Itajuba
5092,ENGENHARIA MEC�NICA,2019,Itajuba
5235,ENGENHARIA MEC�NICA,2019,Itajuba
15700,ENGENHARIA MEC�NICA,2019,Itajuba
14509,ENGENHARIA MEC�NICA,2019,Itajuba
8415,ENGENHARIA MEC�NICA,2019,Itajuba
15270,ENGENHARIA MEC�NICA,2019,Itajuba
11552,ENGENHARIA MEC�NICA,2019,Itajuba
12115,ENGENHARIA MEC�NICA,2019,Itajuba
13586,ENGENHARIA MEC�NICA,2019,Itajuba
16038,ENGENHARIA MEC�NICA,2019,Itajuba
6038,ENGENHARIA MEC�NICA,2019,Itajuba
18153,ENGENHARIA MEC�NICA,2019,Itajuba
17302,ENGENHARIA MEC�NICA,2019,Itajuba
4516,ENGENHARIA MEC�NICA,2019,Itajuba
16590,ENGENHARIA MEC�NICA,2019,Itajuba
5929,ENGENHARIA MEC�NICA,2019,Itajuba
9927,ENGENHARIA DE PRODU��O,2019,Itajuba
19024,ENGENHARIA MEC�NICA,2019,Itajuba
11342,ENGENHARIA DE COMPUTA��O,2019,Itajuba
6517,ENGENHARIA DE COMPUTA��O,2019,Itajuba
9411,ENGENHARIA MEC�NICA,2019,Itajuba
7276,ENGENHARIA MEC�NICA,2019,Itajuba
10178,ADMINISTRA��O,2019,Itajuba
12569,ADMINISTRA��O,2019,Itajuba
10986,ADMINISTRA��O,2019,Itajuba
16100,ADMINISTRA��O,2019,Itajuba
10747,ADMINISTRA��O,2019,Itajuba
18499,ADMINISTRA��O,2019,Itajuba
9699,ADMINISTRA��O,2019,Itajuba
18951,ENGENHARIA MEC�NICA,2019,Itajuba
17691,ADMINISTRA��O,2019,Itajuba
13068,ADMINISTRA��O,2019,Itajuba
10466,ENGENHARIA DE COMPUTA��O,2019,Itajuba
5618,ENGENHARIA DE COMPUTA��O,2019,Itajuba
12245,ENGENHARIA MEC�NICA AERON�UTICA,2019,Itajuba
15220,ENGENHARIA MEC�NICA,2019,Itajuba
8313,ENGENHARIA MEC�NICA,2019,Itajuba
12676,ENGENHARIA MEC�NICA,2019,Itajuba
18058,ENGENHARIA MEC�NICA,2019,Itajuba
18768,ENGENHARIA MEC�NICA,2019,Itajuba
5966,ENGENHARIA DE MATERIAIS,2019,Itajuba
13744,ENGENHARIA DE MATERIAIS,2019,Itajuba
16879,ENGENHARIA DE MATERIAIS,2019,Itajuba
8619,ENGENHARIA DE MATERIAIS,2019,Itajuba
15702,ENGENHARIA DE MATERIAIS,2019,Itajuba
12938,ENGENHARIA DE MATERIAIS,2019,Itajuba
4846,ENGENHARIA DE MATERIAIS,2019,Itajuba
5160,ENGENHARIA DE ENERGIA,2019,Itajuba
13072,ENGENHARIA MEC�NICA,2019,Itajuba
16537,ENGENHARIA MEC�NICA AERON�UTICA,2019,Itajuba
17963,ENGENHARIA DE MATERIAIS,2019,Itajuba
10165,ENGENHARIA DE MATERIAIS,2019,Itajuba
16603,ENGENHARIA ELETR�NICA,2019,Itajuba
6320,ENGENHARIA ELETR�NICA,2019,Itajuba
14122,ENGENHARIA DE ENERGIA,2019,Itajuba
10758,ENGENHARIA DE ENERGIA,2019,Itajuba
5256,ENGENHARIA DE ENERGIA,2019,Itajuba
15607,ENGENHARIA DE ENERGIA,2019,Itajuba
12867,ENGENHARIA DE ENERGIA,2019,Itajuba
9723,ENGENHARIA DE ENERGIA,2019,Itajuba
9574,ENGENHARIA DE ENERGIA,2019,Itajuba
15405,ENGENHARIA ELETR�NICA,2019,Itajuba
14901,ENGENHARIA ELETR�NICA,2019,Itajuba
16253,ENGENHARIA ELETR�NICA,2019,Itajuba
15588,ENGENHARIA MEC�NICA,2019,Itajuba
15813,ENGENHARIA MEC�NICA,2019,Itajuba
17560,ENGENHARIA DE ENERGIA,2019,Itajuba
18571,ENGENHARIA DE ENERGIA,2019,Itajuba
7832,ENGENHARIA DE ENERGIA,2019,Itajuba
5201,ENGENHARIA DE PRODU��O,2019,Itajuba
13396,ENGENHARIA DE PRODU��O,2019,Itajuba
5979,ENGENHARIA DE PRODU��O,2019,Itajuba
15120,ENGENHARIA DE PRODU��O,2019,Itajuba
14708,ENGENHARIA DE PRODU��O,2019,Itajuba
11240,ENGENHARIA DE PRODU��O,2019,Itajuba
22028,ENGENHARIA DE PRODU��O,2019,Itajuba
9650,ENGENHARIA DE PRODU��O,2019,Itajuba
15389,ENGENHARIA DE PRODU��O,2019,Itajuba
18562,ENGENHARIA DE PRODU��O,2019,Itajuba
14317,ENGENHARIA DE PRODU��O,2019,Itajuba
5722,ENGENHARIA DE PRODU��O,2019,Itajuba
7981,ENGENHARIA DE PRODU��O,2019,Itajuba
17727,ENGENHARIA DE PRODU��O,2019,Itajuba
4635,ENGENHARIA DE PRODU��O,2019,Itajuba
8168,ENGENHARIA DE PRODU��O,2019,Itajuba
17049,ENGENHARIA DE PRODU��O,2019,Itajuba
4409,ENGENHARIA DE PRODU��O,2019,Itajuba
13448,ENGENHARIA DE PRODU��O,2019,Itajuba
18856,ENGENHARIA DE PRODU��O,2019,Itajuba
8329,ENGENHARIA DE PRODU��O,2019,Itajuba
9230,ENGENHARIA DE PRODU��O,2019,Itajuba
6295,ENGENHARIA DE PRODU��O,2019,Itajuba
8551,ENGENHARIA DE PRODU��O,2019,Itajuba
5464,ENGENHARIA DE PRODU��O,2019,Itajuba
16024,ENGENHARIA DE PRODU��O,2019,Itajuba
10127,ENGENHARIA DE PRODU��O,2019,Itajuba
5458,ENGENHARIA DE CONTROLE E AUTOMA��O,2019,Itajuba
9752,ENGENHARIA DE CONTROLE E AUTOMA��O,2019,Itajuba
9732,ADMINISTRA��O,2019,Itajuba
13815,ADMINISTRA��O,2019,Itajuba
5291,ENGENHARIA DE CONTROLE E AUTOMA��O,2019,Itajuba
4716,ENGENHARIA DE CONTROLE E AUTOMA��O,2019,Itajuba
12747,ENGENHARIA ELETR�NICA,2019,Itajuba
7364,ENGENHARIA DE CONTROLE E AUTOMA��O,2019,Itajuba
15754,ENGENHARIA DE CONTROLE E AUTOMA��O,2019,Itajuba
8389,ENGENHARIA DE CONTROLE E AUTOMA��O,2019,Itajuba
10871,ENGENHARIA DE CONTROLE E AUTOMA��O,2019,Itajuba
6791,ENGENHARIA DE CONTROLE E AUTOMA��O,2019,Itajuba
15541,ENGENHARIA DE CONTROLE E AUTOMA��O,2019,Itajuba
10080,ENGENHARIA DE CONTROLE E AUTOMA��O,2019,Itajuba
6168,ENGENHARIA DE CONTROLE E AUTOMA��O,2019,Itajuba
7871,ENGENHARIA DE CONTROLE E AUTOMA��O,2019,Itajuba
16432,ENGENHARIA DE CONTROLE E AUTOMA��O,2019,Itajuba
13219,ADMINISTRA��O,2019,Itajuba
9090,ENGENHARIA DE CONTROLE E AUTOMA��O,2019,Itajuba
11274,ENGENHARIA DE CONTROLE E AUTOMA��O,2019,Itajuba
7436,ADMINISTRA��O,2019,Itajuba
16033,ENGENHARIA DE CONTROLE E AUTOMA��O,2019,Itajuba
17713,ENGENHARIA DE CONTROLE E AUTOMA��O,2019,Itajuba
14919,ENGENHARIA DE COMPUTA��O,2019,Itajuba
14215,ADMINISTRA��O,2019,Itajuba
8469,ENGENHARIA DE CONTROLE E AUTOMA��O,2019,Itajuba
10088,ENGENHARIA DE CONTROLE E AUTOMA��O,2019,Itabira
18182,ENGENHARIA DE CONTROLE E AUTOMA��O,2019,Itabira
10219,ENGENHARIA DA MOBILIDADE,2019,Itabira
12209,ENGENHARIA DA MOBILIDADE,2019,Itabira
5502,ENGENHARIA AMBIENTAL,2019,Itabira
9545,ENGENHARIA AMBIENTAL,2019,Itabira
10823,ENGENHARIA AMBIENTAL,2019,Itabira
5965,ENGENHARIA EL�TRICA,2019,Itabira
10248,ENGENHARIA EL�TRICA,2019,Itabira
9313,ENGENHARIA DE MATERIAIS,2019,Itabira
8369,ENGENHARIA DE MATERIAIS,2019,Itabira
14191,ENGENHARIA DE CONTROLE E AUTOMA��O,2019,Itabira
11747,ENGENHARIA DE CONTROLE E AUTOMA��O,2019,Itabira
4471,ENGENHARIA DE COMPUTA��O,2019,Itabira
5905,ENGENHARIA DE MATERIAIS,2019,Itabira
17629,ENGENHARIA DA MOBILIDADE,2019,Itabira
10840,ENGENHARIA DA MOBILIDADE,2019,Itabira
17238,ENGENHARIA DA MOBILIDADE,2019,Itabira
7707,ENGENHARIA MEC�NICA,2019,Itabira
8442,ENGENHARIA MEC�NICA,2019,Itabira
4390,ENGENHARIA EL�TRICA,2019,Itabira
13935,ENGENHARIA EL�TRICA,2019,Itabira
10604,ENGENHARIA DE SA�DE E SEGURAN�A,2019,Itabira
12738,ENGENHARIA DE PRODU��O,2019,Itabira
7166,ENGENHARIA DE PRODU��O,2019,Itabira
4776,ENGENHARIA EL�TRICA,2019,Itabira
9556,ENGENHARIA MEC�NICA,2019,Itabira
7442,ENGENHARIA DE PRODU��O,2019,Itabira
17874,ENGENHARIA EL�TRICA,2019,Itabira
6173,ENGENHARIA DE PRODU��O,2019,Itabira
8557,ENGENHARIA DE PRODU��O,2019,Itabira
10151,ENGENHARIA DE MATERIAIS,2019,Itabira
16157,ENGENHARIA MEC�NICA,2019,Itabira
4750,ENGENHARIA DE PRODU��O,2019,Itabira
8424,ENGENHARIA DE PRODU��O,2019,Itabira
15872,ENGENHARIA DE MATERIAIS,2019,Itabira
6011,ENGENHARIA MEC�NICA,2019,Itabira
16449,ENGENHARIA DE PRODU��O,2019,Itabira
5717,ENGENHARIA DE MATERIAIS,2019,Itabira
12063,ENGENHARIA MEC�NICA,2019,Itabira
17599,ENGENHARIA EL�TRICA,2019,Itabira
15654,ENGENHARIA DE SA�DE E SEGURAN�A,2019,Itabira
5998,ENGENHARIA MEC�NICA,2019,Itabira
13223,ENGENHARIA EL�TRICA,2019,Itabira
14583,ENGENHARIA DE PRODU��O,2019,Itabira
13055,ENGENHARIA DE SA�DE E SEGURAN�A,2019,Itabira
8173,ENGENHARIA DE PRODU��O,2019,Itabira
9546,ENGENHARIA DE MATERIAIS,2019,Itabira
16472,ENGENHARIA DE COMPUTA��O,2019,Itabira
12171,ENGENHARIA MEC�NICA,2019,Itabira
13682,ENGENHARIA EL�TRICA,2019,Itabira
13400,ENGENHARIA DE SA�DE E SEGURAN�A,2019,Itabira
6554,ENGENHARIA DE PRODU��O,2019,Itabira
11922,ENGENHARIA DE PRODU��O,2019,Itabira
5282,ENGENHARIA DE COMPUTA��O,2019,Itabira
12299,ENGENHARIA DE SA�DE E SEGURAN�A,2019,Itabira
12363,ENGENHARIA DE MATERIAIS,2019,Itabira
14175,ENGENHARIA DE MATERIAIS,2019,Itabira
7065,ENGENHARIA DE CONTROLE E AUTOMA��O,2019,Itabira
12658,ENGENHARIA DE COMPUTA��O,2019,Itabira
12407,ENGENHARIA MEC�NICA,2019,Itabira
17195,ENGENHARIA EL�TRICA,2019,Itabira
15860,ENGENHARIA DE SA�DE E SEGURAN�A,2019,Itabira
8383,ENGENHARIA DE PRODU��O,2019,Itabira
18570,ENGENHARIA DE PRODU��O,2019,Itabira
5981,ENGENHARIA DA MOBILIDADE,2019,Itabira
11051,ENGENHARIA EL�TRICA,2019,Itabira
17340,ENGENHARIA DE SA�DE E SEGURAN�A,2019,Itabira
9880,ENGENHARIA DE MATERIAIS,2019,Itabira
7663,ENGENHARIA DA MOBILIDADE,2019,Itabira
11578,ENGENHARIA DA MOBILIDADE,2019,Itabira
16419,ENGENHARIA DE SA�DE E SEGURAN�A,2019,Itabira
13394,ENGENHARIA DE PRODU��O,2019,Itabira
11367,ENGENHARIA DE PRODU��O,2019,Itabira
16204,ENGENHARIA DE PRODU��O,2019,Itabira
14484,ENGENHARIA DA MOBILIDADE,2019,Itabira
18076,ENGENHARIA DA MOBILIDADE,2019,Itabira
8428,ENGENHARIA DA MOBILIDADE,2019,Itabira
10794,ENGENHARIA EL�TRICA,2019,Itabira
9311,ENGENHARIA DE PRODU��O,2019,Itabira
15972,ENGENHARIA DE PRODU��O,2019,Itabira
10497,ENGENHARIA DE PRODU��O,2019,Itabira
8772,ENGENHARIA DE CONTROLE E AUTOMA��O,2019,Itabira
15790,ENGENHARIA DA MOBILIDADE,2019,Itabira
18216,ENGENHARIA DA MOBILIDADE,2019,Itabira
8152,ENGENHARIA DA MOBILIDADE,2019,Itabira
7014,ENGENHARIA DA MOBILIDADE,2019,Itabira
4576,ENGENHARIA DE MATERIAIS,2019,Itabira
10579,ENGENHARIA DA MOBILIDADE,2019,Itabira
12895,ENGENHARIA DE MATERIAIS,2019,Itabira
13422,ENGENHARIA DA MOBILIDADE,2019,Itabira
14366,ENGENHARIA DA MOBILIDADE,2019,Itabira
7584,ENGENHARIA MEC�NICA,2019,Itabira
7488,ENGENHARIA DE MATERIAIS,2019,Itabira
13034,ENGENHARIA DE CONTROLE E AUTOMA��O,2019,Itabira
7678,ENGENHARIA MEC�NICA,2019,Itabira
15574,ENGENHARIA DA MOBILIDADE,2019,Itabira
17177,ENGENHARIA AMBIENTAL,2019,Itabira
17316,ENGENHARIA DA MOBILIDADE,2019,Itabira
7852,ENGENHARIA MEC�NICA,2019,Itabira
11562,ENGENHARIA MEC�NICA,2019,Itabira
9828,ENGENHARIA MEC�NICA,2019,Itabira
14719,ENGENHARIA DA MOBILIDADE,2019,Itabira
11940,ENGENHARIA DA MOBILIDADE,2019,Itabira
15215,ENGENHARIA AMBIENTAL,2019,Itabira
15508,ENGENHARIA DE SA�DE E SEGURAN�A,2019,Itabira
5714,ENGENHARIA DE PRODU��O,2019,Itabira
4988,ENGENHARIA DE MATERIAIS,2019,Itabira
11927,ENGENHARIA DA MOBILIDADE,2019,Itabira
14547,ENGENHARIA AMBIENTAL,2019,Itabira
9257,ENGENHARIA MEC�NICA,2019,Itabira
16654,ENGENHARIA DE SA�DE E SEGURAN�A,2019,Itabira
4773,ENGENHARIA DE MATERIAIS,2019,Itabira
11395,ENGENHARIA DA MOBILIDADE,2019,Itabira
13529,ENGENHARIA DA MOBILIDADE,2019,Itabira
8569,ENGENHARIA AMBIENTAL,2019,Itabira
7141,ENGENHARIA DE MATERIAIS,2019,Itabira
14309,ENGENHARIA AMBIENTAL,2019,Itabira
18701,ENGENHARIA DE CONTROLE E AUTOMA��O,2019,Itabira
4870,ENGENHARIA DE COMPUTA��O,2019,Itabira
9335,ENGENHARIA AMBIENTAL,2019,Itabira
16818,ENGENHARIA MEC�NICA,2019,Itabira
14582,ENGENHARIA DE PRODU��O,2019,Itabira
11250,ENGENHARIA DE PRODU��O,2019,Itabira
16347,ENGENHARIA DE CONTROLE E AUTOMA��O,2019,Itabira
5718,ENGENHARIA DE COMPUTA��O,2019,Itabira
5688,ENGENHARIA AMBIENTAL,2019,Itabira
8864,ENGENHARIA DE COMPUTA��O,2019,Itabira
7547,ENGENHARIA AMBIENTAL,2019,Itabira
11545,ENGENHARIA MEC�NICA,2019,Itajuba
14444,ENGENHARIA DE MATERIAIS,2019,Itajuba
14206,ENGENHARIA MEC�NICA,2019,Itajuba
13326,ENGENHARIA MEC�NICA,2019,Itajuba
15950,Sistemas de informacao,2019,Itajuba
14347,F�SICA BACHARELADO,2019,Itajuba
12845,ENGENHARIA EL�TRICA,2019,Itajuba
12176,ENGENHARIA DE COMPUTA��O,2019,Itajuba
9717,ENGENHARIA DE MATERIAIS,2019,Itajuba
5037,ENGENHARIA QU�MICA,2019,Itajuba
7265,ENGENHARIA EL�TRICA,2019,Itajuba
12664,ENGENHARIA DE CONTROLE E AUTOMA��O,2019,Itajuba
13646,ENGENHARIA DE CONTROLE E AUTOMA��O,2019,Itajuba
18617,ENGENHARIA EL�TRICA,2019,Itajuba
6643,ENGENHARIA DE CONTROLE E AUTOMA��O,2019,Itajuba
9746,ENGENHARIA MEC�NICA,2019,Itajuba
11960,ENGENHARIA H�DRICA,2019,Itajuba
18173,QU�MICA LICENCIATURA,2019,Itajuba
5338,ENGENHARIA MEC�NICA AERON�UTICA,2019,Itajuba
12856,ENGENHARIA AMBIENTAL,2019,Itajuba
17297,ENGENHARIA EL�TRICA,2019,Itajuba
17839,Ciencia da Computacao,2019,Itajuba
7812,ENGENHARIA ELETR�NICA,2019,Itajuba
18675,CI�NCIAS ATMOSF�RICAS,2019,Itajuba
13769,ENGENHARIA EL�TRICA,2019,Itajuba
7769,ENGENHARIA AMBIENTAL,2019,Itajuba
7811,ENGENHARIA DE CONTROLE E AUTOMA��O,2019,Itajuba
6628,ENGENHARIA MEC�NICA,2019,Itajuba
4304,ENGENHARIA DE COMPUTA��O,2019,Itajuba
9905,ENGENHARIA MEC�NICA,2019,Itajuba
10036,ENGENHARIA MEC�NICA AERON�UTICA,2019,Itajuba
11477,ENGENHARIA DE COMPUTA��O,2019,Itajuba
12424,ENGENHARIA QU�MICA,2019,Itajuba
17966,ENGENHARIA MEC�NICA,2019,Itajuba
6993,ENGENHARIA DE PRODU��O,2019,Itabira
6822,ENGENHARIA MEC�NICA,2019,Itabira
12355,ENGENHARIA EL�TRICA,2019,Itabira
11014,ENGENHARIA EL�TRICA,2019,Itajuba
16765,ADMINISTRA��O,2019,Itajuba
15756,ENGENHARIA EL�TRICA,2019,Itajuba
14343,ENGENHARIA MEC�NICA,2019,Itajuba
8726,ENGENHARIA MEC�NICA AERON�UTICA,2019,Itajuba
10521,ENGENHARIA DE COMPUTA��O,2019,Itabira
15855,ENGENHARIA MEC�NICA,2019,Itajuba
6132,ENGENHARIA EL�TRICA,2019,Itajuba
13116,ENGENHARIA EL�TRICA,2019,Itajuba
18660,ENGENHARIA ELETR�NICA,2019,Itajuba
16067,ADMINISTRA��O,2019,Itajuba
15236,ENGENHARIA DE PRODU��O,2019,Itajuba
16738,ENGENHARIA EL�TRICA,2019,Itajuba
16703,ADMINISTRA��O,2019,Itajuba
16646,ENGENHARIA DE BIOPROCESSOS,2019,Itajuba
5763,ENGENHARIA CIVIL,2019,Itajuba
7609,ENGENHARIA DE CONTROLE E AUTOMA��O,2019,Itajuba
6297,ENGENHARIA MEC�NICA,2019,Itajuba
15033,ENGENHARIA MEC�NICA AERON�UTICA,2019,Itajuba
6772,ENGENHARIA EL�TRICA,2019,Itajuba
6004,ENGENHARIA EL�TRICA,2019,Itajuba
9860,ADMINISTRA��O,2019,Itajuba
12778,F�SICA BACHARELADO,2019,Itajuba
13171,ENGENHARIA EL�TRICA,2019,Itabira
15276,ENGENHARIA DE CONTROLE E AUTOMA��O,2019,Itabira
4788,ENGENHARIA DE PRODU��O,2019,Itabira
21365,ENGENHARIA DE PRODU��O,2019,Itabira
8915,ENGENHARIA DE PRODU��O,2019,Itabira
15267,ENGENHARIA DE PRODU��O,2019,Itabira
10990,ENGENHARIA DE PRODU��O,2019,Itabira
7904,ENGENHARIA EL�TRICA,2019,Itabira
5465,ENGENHARIA EL�TRICA,2019,Itabira
13923,ENGENHARIA EL�TRICA,2019,Itabira
7537,ENGENHARIA EL�TRICA,2019,Itabira
6054,ENGENHARIA EL�TRICA,2019,Itabira
16343,ENGENHARIA EL�TRICA,2019,Itabira
5409,ENGENHARIA EL�TRICA,2019,Itabira
10245,ENGENHARIA EL�TRICA,2019,Itabira
14081,ENGENHARIA EL�TRICA,2019,Itabira
11839,ENGENHARIA EL�TRICA,2019,Itabira
9420,ENGENHARIA MEC�NICA,2019,Itabira
7516,ENGENHARIA MEC�NICA,2019,Itabira
14933,ENGENHARIA MEC�NICA,2019,Itabira
10806,ENGENHARIA MEC�NICA,2019,Itabira
7940,ENGENHARIA MEC�NICA,2019,Itabira
8887,ENGENHARIA MEC�NICA,2019,Itabira
10186,ENGENHARIA MEC�NICA,2019,Itabira
4688,ENGENHARIA MEC�NICA,2019,Itabira
16434,ENGENHARIA DE SA�DE E SEGURAN�A,2019,Itabira
5238,ENGENHARIA DE SA�DE E SEGURAN�A,2019,Itabira
13641,ENGENHARIA DE SA�DE E SEGURAN�A,2019,Itabira
12336,ENGENHARIA EL�TRICA,2019,Itabira
14842,ENGENHARIA DE SA�DE E SEGURAN�A,2019,Itabira
12377,ENGENHARIA AMBIENTAL,2019,Itabira
10784,ENGENHARIA AMBIENTAL,2019,Itabira
13160,ENGENHARIA AMBIENTAL,2019,Itabira
18535,ENGENHARIA DE COMPUTA��O,2019,Itabira
9194,ENGENHARIA DE COMPUTA��O,2019,Itabira
11467,ENGENHARIA DE COMPUTA��O,2019,Itabira
7209,ENGENHARIA DE COMPUTA��O,2019,Itabira
18681,ENGENHARIA DE COMPUTA��O,2019,Itabira
8886,ENGENHARIA DE CONTROLE E AUTOMA��O,2019,Itabira
6890,ENGENHARIA DE CONTROLE E AUTOMA��O,2019,Itabira
18141,ENGENHARIA DE CONTROLE E AUTOMA��O,2019,Itabira
10485,ENGENHARIA DE MATERIAIS,2019,Itabira
6545,ENGENHARIA DE MATERIAIS,2019,Itabira
15184,ENGENHARIA DE PRODU��O,2019,Itabira
5483,ENGENHARIA DE PRODU��O,2019,Itabira
8325,ENGENHARIA DE PRODU��O,2019,Itabira
14116,ENGENHARIA DE PRODU��O,2019,Itabira
6496,ENGENHARIA EL�TRICA,2019,Itabira
10551,ENGENHARIA EL�TRICA,2019,Itabira
4450,ENGENHARIA EL�TRICA,2019,Itabira
15472,ENGENHARIA EL�TRICA,2019,Itabira
8593,ENGENHARIA DE SA�DE E SEGURAN�A,2019,Itabira
11534,ENGENHARIA DE SA�DE E SEGURAN�A,2019,Itabira
18284,ENGENHARIA AMBIENTAL,2019,Itabira
12686,ENGENHARIA AMBIENTAL,2019,Itabira
13881,ENGENHARIA AMBIENTAL,2019,Itabira
17436,ENGENHARIA AMBIENTAL,2019,Itabira
16076,ENGENHARIA AMBIENTAL,2019,Itabira
12780,ENGENHARIA AMBIENTAL,2019,Itabira
18198,ENGENHARIA AMBIENTAL,2019,Itabira
9697,ENGENHARIA DA MOBILIDADE,2019,Itabira
12852,ENGENHARIA DA MOBILIDADE,2019,Itabira
10276,ENGENHARIA DA MOBILIDADE,2019,Itabira
5133,ENGENHARIA MEC�NICA,2019,Itabira
12390,ENGENHARIA MEC�NICA,2019,Itabira
11482,ENGENHARIA MEC�NICA,2019,Itabira
13174,ENGENHARIA MEC�NICA,2019,Itabira
9713,ENGENHARIA MEC�NICA,2019,Itabira
16767,ENGENHARIA DA MOBILIDADE,2019,Itabira
17686,ENGENHARIA DA MOBILIDADE,2019,Itabira
7344,ENGENHARIA DA MOBILIDADE,2019,Itabira
17144,ENGENHARIA DA MOBILIDADE,2019,Itabira
11404,ENGENHARIA DA MOBILIDADE,2019,Itabira
7823,ENGENHARIA DE COMPUTA��O,2019,Itabira
18186,ENGENHARIA DE COMPUTA��O,2019,Itabira
15249,ENGENHARIA DE COMPUTA��O,2019,Itabira
6219,ENGENHARIA DE COMPUTA��O,2019,Itabira
13209,ENGENHARIA DE CONTROLE E AUTOMA��O,2019,Itabira
6181,ENGENHARIA DE CONTROLE E AUTOMA��O,2019,Itabira
17697,ENGENHARIA DE CONTROLE E AUTOMA��O,2019,Itabira
5877,ENGENHARIA DE CONTROLE E AUTOMA��O,2019,Itabira
18883,ENGENHARIA DE CONTROLE E AUTOMA��O,2019,Itabira
12404,ENGENHARIA DE MATERIAIS,2019,Itabira
15918,ENGENHARIA DE MATERIAIS,2019,Itabira
17855,ENGENHARIA DE MATERIAIS,2019,Itabira
17536,ENGENHARIA DE MATERIAIS,2019,Itabira
14065,ENGENHARIA DE MATERIAIS,2019,Itabira
7422,ENGENHARIA DE PRODU��O,2019,Itabira
16686,ENGENHARIA DE COMPUTA��O,2019,Itajuba
9285,ENGENHARIA DE COMPUTA��O,2019,Itajuba
16481,ENGENHARIA AMBIENTAL,2019,Itajuba
14760,ENGENHARIA DE COMPUTA��O,2019,Itajuba
7638,ENGENHARIA DE COMPUTA��O,2019,Itajuba
6810,ENGENHARIA DE COMPUTA��O,2019,Itajuba
18467,ENGENHARIA DE COMPUTA��O,2019,Itajuba
14506,ENGENHARIA DE COMPUTA��O,2019,Itajuba
5192,ENGENHARIA DE COMPUTA��O,2019,Itajuba
12750,ENGENHARIA DE COMPUTA��O,2019,Itajuba
9847,ENGENHARIA DE COMPUTA��O,2019,Itajuba
5932,ENGENHARIA DE COMPUTA��O,2019,Itajuba
7290,ENGENHARIA DE COMPUTA��O,2019,Itajuba
14871,ENGENHARIA DE COMPUTA��O,2019,Itajuba
17496,ENGENHARIA DE COMPUTA��O,2019,Itajuba
13309,ENGENHARIA DE COMPUTA��O,2019,Itajuba
11150,ENGENHARIA DE COMPUTA��O,2019,Itajuba
13968,ENGENHARIA DE COMPUTA��O,2019,Itajuba
5108,QU�MICA BACHARELADO,2019,Itajuba
18252,ENGENHARIA DE COMPUTA��O,2019,Itajuba
15221,ENGENHARIA AMBIENTAL,2019,Itajuba
7578,ENGENHARIA AMBIENTAL,2019,Itajuba
18120,ENGENHARIA AMBIENTAL,2019,Itajuba
17980,ENGENHARIA CIVIL,2019,Itajuba
7775,ENGENHARIA CIVIL,2019,Itajuba
15043,ENGENHARIA CIVIL,2019,Itajuba
11522,ENGENHARIA CIVIL,2019,Itajuba
11103,ENGENHARIA CIVIL,2019,Itajuba
13398,ENGENHARIA CIVIL,2019,Itajuba
7954,ENGENHARIA CIVIL,2019,Itajuba
13906,ENGENHARIA CIVIL,2019,Itajuba
15991,ENGENHARIA CIVIL,2019,Itajuba
12652,ENGENHARIA CIVIL,2019,Itajuba
4854,ENGENHARIA CIVIL,2019,Itajuba
7647,ENGENHARIA CIVIL,2019,Itajuba
7923,ENGENHARIA CIVIL,2019,Itajuba
14698,ENGENHARIA CIVIL,2019,Itajuba
10007,ENGENHARIA DE BIOPROCESSOS,2019,Itajuba
4626,ENGENHARIA DE BIOPROCESSOS,2019,Itajuba
7903,ENGENHARIA DE BIOPROCESSOS,2019,Itajuba
17805,ENGENHARIA DE ENERGIA,2019,Itajuba
13310,ENGENHARIA DE ENERGIA,2019,Itajuba
12062,ENGENHARIA DE ENERGIA,2019,Itajuba
4887,ENGENHARIA DE ENERGIA,2019,Itajuba
17130,ENGENHARIA DE ENERGIA,2019,Itajuba
9559,ENGENHARIA DE ENERGIA,2019,Itajuba
5882,ENGENHARIA DE ENERGIA,2019,Itajuba
5669,ENGENHARIA DE MATERIAIS,2019,Itajuba
11398,ENGENHARIA DE MATERIAIS,2019,Itajuba
4698,ENGENHARIA DE ENERGIA,2019,Itajuba
15657,ENGENHARIA MEC�NICA,2019,Itajuba
11836,ENGENHARIA MEC�NICA,2019,Itajuba
16092,ENGENHARIA MEC�NICA,2019,Itajuba
4279,ENGENHARIA MEC�NICA,2019,Itajuba
14949,ENGENHARIA MEC�NICA,2019,Itajuba
9312,ENGENHARIA MEC�NICA,2019,Itajuba
15223,ENGENHARIA MEC�NICA AERON�UTICA,2019,Itajuba
16943,ENGENHARIA MEC�NICA AERON�UTICA,2019,Itajuba
15931,ENGENHARIA MEC�NICA AERON�UTICA,2019,Itajuba
8705,ENGENHARIA MEC�NICA AERON�UTICA,2019,Itajuba
8652,ENGENHARIA MEC�NICA AERON�UTICA,2019,Itajuba
8538,ENGENHARIA MEC�NICA AERON�UTICA,2019,Itajuba
12462,ENGENHARIA MEC�NICA AERON�UTICA,2019,Itajuba
17429,ENGENHARIA MEC�NICA AERON�UTICA,2019,Itajuba
14693,ENGENHARIA MEC�NICA AERON�UTICA,2019,Itajuba
17453,ENGENHARIA QU�MICA,2019,Itajuba
5174,ENGENHARIA QU�MICA,2019,Itajuba
12930,ENGENHARIA QU�MICA,2019,Itajuba
5662,ENGENHARIA QU�MICA,2019,Itajuba
5512,ENGENHARIA QU�MICA,2019,Itajuba
31215,Sistemas de informacao,2019,Itajuba
17730,Sistemas de informacao,2019,Itajuba
9496,Sistemas de informacao,2019,Itajuba
4765,Sistemas de informacao,2019,Itajuba
13189,Sistemas de informacao,2019,Itajuba
12582,Sistemas de informacao,2019,Itajuba
13930,Sistemas de informacao,2019,Itajuba
10042,Sistemas de informacao,2019,Itajuba
8909,Sistemas de informacao,2019,Itajuba
9683,Sistemas de informacao,2019,Itajuba
8585,Sistemas de informacao,2019,Itajuba
12564,ENGENHARIA DE MATERIAIS,2019,Itajuba
4545,ADMINISTRA��O,2019,Itajuba
18115,ADMINISTRA��O,2019,Itajuba
10047,ENGENHARIA DE CONTROLE E AUTOMA��O,2019,Itajuba
16139,ENGENHARIA ELETR�NICA,2019,Itajuba
7182,ENGENHARIA ELETR�NICA,2019,Itajuba
11807,ENGENHARIA ELETR�NICA,2019,Itajuba
14888,ADMINISTRA��O,2019,Itajuba
13479,ADMINISTRA��O,2019,Itajuba
11432,ADMINISTRA��O,2019,Itajuba
13952,ADMINISTRA��O,2019,Itajuba
11847,ADMINISTRA��O,2019,Itajuba
8356,ADMINISTRA��O,2019,Itajuba
6438,ADMINISTRA��O,2019,Itajuba
12531,ENGENHARIA DE CONTROLE E AUTOMA��O,2019,Itajuba
6343,ENGENHARIA DE CONTROLE E AUTOMA��O,2019,Itajuba
5277,ENGENHARIA DE CONTROLE E AUTOMA��O,2019,Itajuba
7791,ENGENHARIA DE CONTROLE E AUTOMA��O,2019,Itajuba
11033,ENGENHARIA DE CONTROLE E AUTOMA��O,2019,Itajuba
9243,ENGENHARIA DE CONTROLE E AUTOMA��O,2019,Itajuba
9721,ENGENHARIA DE CONTROLE E AUTOMA��O,2019,Itajuba
9937,ENGENHARIA DE CONTROLE E AUTOMA��O,2019,Itajuba
11305,ENGENHARIA DE CONTROLE E AUTOMA��O,2019,Itajuba
5755,ENGENHARIA DE CONTROLE E AUTOMA��O,2019,Itajuba
5168,ENGENHARIA DE CONTROLE E AUTOMA��O,2019,Itajuba
8395,ENGENHARIA DE CONTROLE E AUTOMA��O,2019,Itajuba
18037,ENGENHARIA DE CONTROLE E AUTOMA��O,2019,Itajuba
14674,ENGENHARIA DE CONTROLE E AUTOMA��O,2019,Itajuba
17488,ENGENHARIA DE CONTROLE E AUTOMA��O,2019,Itajuba
11019,ENGENHARIA DE CONTROLE E AUTOMA��O,2019,Itajuba
12482,ENGENHARIA DE CONTROLE E AUTOMA��O,2019,Itajuba
10064,ENGENHARIA DE MATERIAIS,2019,Itajuba
5914,ENGENHARIA DE CONTROLE E AUTOMA��O,2019,Itajuba
7700,ENGENHARIA DE CONTROLE E AUTOMA��O,2019,Itajuba
12185,ENGENHARIA DE PRODU��O,2019,Itajuba
12528,ENGENHARIA DE PRODU��O,2019,Itajuba
9235,ENGENHARIA DE PRODU��O,2019,Itajuba
14634,ENGENHARIA DE PRODU��O,2019,Itajuba
5498,ENGENHARIA DE PRODU��O,2019,Itajuba
11075,ENGENHARIA DE PRODU��O,2019,Itajuba
8481,ENGENHARIA DE MATERIAIS,2019,Itajuba
17315,ENGENHARIA DE MATERIAIS,2019,Itajuba
4646,ENGENHARIA DE MATERIAIS,2019,Itajuba
15311,ENGENHARIA DE MATERIAIS,2019,Itajuba
13765,ENGENHARIA DE MATERIAIS,2019,Itajuba
10751,ENGENHARIA DE MATERIAIS,2019,Itajuba
6472,ENGENHARIA DE MATERIAIS,2019,Itajuba
11816,ENGENHARIA H�DRICA,2019,Itajuba
9282,ENGENHARIA H�DRICA,2019,Itajuba
11636,ENGENHARIA H�DRICA,2019,Itajuba
10686,ENGENHARIA H�DRICA,2019,Itajuba
16953,ENGENHARIA MEC�NICA,2019,Itajuba
16977,ENGENHARIA MEC�NICA,2019,Itajuba
13484,ENGENHARIA MEC�NICA,2019,Itajuba
8046,ENGENHARIA MEC�NICA,2019,Itajuba
9540,ENGENHARIA MEC�NICA,2019,Itajuba
14450,ENGENHARIA MEC�NICA,2019,Itajuba
11173,ENGENHARIA MEC�NICA,2019,Itajuba
10331,ENGENHARIA MEC�NICA,2019,Itajuba
13526,ENGENHARIA MEC�NICA,2019,Itajuba
10339,ENGENHARIA MEC�NICA,2019,Itajuba
6568,ENGENHARIA MEC�NICA,2019,Itajuba
5045,ENGENHARIA MEC�NICA,2019,Itajuba
11308,ENGENHARIA MEC�NICA,2019,Itajuba
5384,ENGENHARIA MEC�NICA,2019,Itajuba
17999,ENGENHARIA MEC�NICA,2019,Itajuba
6706,ENGENHARIA MEC�NICA,2019,Itajuba
16190,ENGENHARIA MEC�NICA,2019,Itajuba
13982,ENGENHARIA MEC�NICA,2019,Itajuba
6927,ENGENHARIA DE PRODU��O,2019,Itajuba
11343,ENGENHARIA DE PRODU��O,2019,Itajuba
17851,ENGENHARIA DE PRODU��O,2019,Itajuba
18088,ENGENHARIA DE PRODU��O,2019,Itajuba
7112,ENGENHARIA DE PRODU��O,2019,Itajuba
15219,ENGENHARIA DE PRODU��O,2019,Itajuba
17506,ENGENHARIA DE PRODU��O,2019,Itajuba
8327,ENGENHARIA DE PRODU��O,2019,Itajuba
11586,ENGENHARIA DE PRODU��O,2019,Itajuba
6504,ENGENHARIA DE PRODU��O,2019,Itajuba
4341,ENGENHARIA DE PRODU��O,2019,Itajuba
16578,ENGENHARIA DE PRODU��O,2019,Itajuba
7909,ENGENHARIA DE PRODU��O,2019,Itajuba
14167,ENGENHARIA DE COMPUTA��O,2019,Itajuba
8427,ENGENHARIA DE COMPUTA��O,2019,Itajuba
18192,ENGENHARIA DE COMPUTA��O,2019,Itajuba
16403,ENGENHARIA DE COMPUTA��O,2019,Itajuba
15490,ENGENHARIA AMBIENTAL,2019,Itajuba
15915,ENGENHARIA AMBIENTAL,2019,Itajuba
4968,ENGENHARIA AMBIENTAL,2019,Itajuba
13700,ENGENHARIA AMBIENTAL,2019,Itajuba
11105,ENGENHARIA AMBIENTAL,2019,Itajuba
4269,ENGENHARIA AMBIENTAL,2019,Itajuba
11009,ENGENHARIA AMBIENTAL,2019,Itajuba
9423,ENGENHARIA AMBIENTAL,2019,Itajuba
15329,ENGENHARIA DE COMPUTA��O,2019,Itajuba
9527,ENGENHARIA EL�TRICA,2019,Itajuba
17774,ENGENHARIA EL�TRICA,2019,Itajuba
11988,ENGENHARIA EL�TRICA,2019,Itajuba
9416,ENGENHARIA MEC�NICA,2019,Itajuba
17042,ENGENHARIA EL�TRICA,2019,Itajuba
13417,ENGENHARIA EL�TRICA,2019,Itajuba
12156,ENGENHARIA EL�TRICA,2019,Itajuba
14132,ENGENHARIA EL�TRICA,2019,Itajuba
10626,ENGENHARIA EL�TRICA,2019,Itajuba
17379,ENGENHARIA EL�TRICA,2019,Itajuba
16041,ENGENHARIA EL�TRICA,2019,Itajuba
8529,ENGENHARIA EL�TRICA,2019,Itajuba
8533,ENGENHARIA EL�TRICA,2019,Itajuba
15660,ENGENHARIA EL�TRICA,2019,Itajuba
6041,ENGENHARIA EL�TRICA,2019,Itajuba
11896,ENGENHARIA EL�TRICA,2019,Itajuba
13876,ENGENHARIA EL�TRICA,2019,Itajuba
18394,ENGENHARIA EL�TRICA,2019,Itajuba
18616,ENGENHARIA EL�TRICA,2019,Itajuba
10035,ENGENHARIA EL�TRICA,2019,Itajuba
9357,ENGENHARIA EL�TRICA,2019,Itajuba
14707,ENGENHARIA EL�TRICA,2019,Itajuba
16343,ENGENHARIA EL�TRICA,2019,Itajuba
11786,F�SICA BACHARELADO,2019,Itajuba
18055,F�SICA BACHARELADO,2019,Itajuba
16474,F�SICA BACHARELADO,2019,Itajuba
24291,F�SICA BACHARELADO,2019,Itajuba
14656,F�SICA BACHARELADO,2019,Itajuba
17460,F�SICA BACHARELADO,2019,Itajuba
6192,F�SICA LICENCIATURA,2019,Itajuba
16336,F�SICA LICENCIATURA,2019,Itajuba
15308,Ciencia da Computacao,2019,Itajuba
22974,Ciencia da Computacao,2019,Itajuba
16542,Ciencia da Computacao,2019,Itajuba
10996,Ciencia da Computacao,2019,Itajuba
12862,Ciencia da Computacao,2019,Itajuba
16742,Ciencia da Computacao,2019,Itajuba
22552,Ciencia da Computacao,2019,Itajuba
14621,ENGENHARIA MEC�NICA,2019,Itabira
5565,ENGENHARIA DE PRODU��O,2019,Itajuba
13849,ENGENHARIA MEC�NICA,2019,Itajuba
17199,ENGENHARIA DE CONTROLE E AUTOMA��O,2019,Itajuba
17159,ENGENHARIA CIVIL,2019,Itajuba
11226,QU�MICA BACHARELADO,2019,Itajuba
4825,ENGENHARIA DE PRODU��O,2019,Itajuba
9977,ADMINISTRA��O,2019,Itajuba
