"id_discente","ano_ingresso","campus","curso","modalidade","forma_ingresso"
2023011976,2023,Itajuba,ADMINISTRAÇÃO,PRESENCIAL,SISU
2023001236,2023,Itajuba,ADMINISTRAÇÃO,PRESENCIAL,SISU
2023011180,2023,Itajuba,ADMINISTRAÇÃO,PRESENCIAL,SISU
2023012848,2023,Itajuba,ADMINISTRAÇÃO,PRESENCIAL,SISU
2023004372,2023,Itajuba,ADMINISTRAÇÃO,PRESENCIAL,SISU
2023012329,2023,Itajuba,ADMINISTRAÇÃO,PRESENCIAL,SISU
2023011555,2023,Itajuba,ADMINISTRAÇÃO,PRESENCIAL,SISU
2023010763,2023,Itajuba,ADMINISTRAÇÃO,PRESENCIAL,SISU
2023003320,2023,Itajuba,ADMINISTRAÇÃO,PRESENCIAL,SISU
2023001165,2023,Itajuba,ADMINISTRAÇÃO,PRESENCIAL,SISU
2023003357,2023,Itajuba,ADMINISTRAÇÃO,PRESENCIAL,SISU
2023012641,2023,Itajuba,ADMINISTRAÇÃO,PRESENCIAL,SISU
2023006591,2023,Itajuba,ADMINISTRAÇÃO,PRESENCIAL,SISU
2023004425,2023,Itajuba,ADMINISTRAÇÃO,PRESENCIAL,SISU
2023009969,2023,Itajuba,ADMINISTRAÇÃO,PRESENCIAL,SISU
2023005880,2023,Itajuba,ADMINISTRAÇÃO,PRESENCIAL,SISU
2023010324,2023,Itajuba,ADMINISTRAÇÃO,PRESENCIAL,SISU
2023008587,2023,Itajuba,ADMINISTRAÇÃO,PRESENCIAL,SISU
2023011457,2023,Itajuba,ADMINISTRAÇÃO,PRESENCIAL,SISU
2023009575,2023,Itajuba,ADMINISTRAÇÃO,PRESENCIAL,SISU
2023007605,2023,Itajuba,ADMINISTRAÇÃO,PRESENCIAL,SISU
2023010100,2023,Itajuba,ADMINISTRAÇÃO,PRESENCIAL,SISU
2023003043,2023,Itajuba,ADMINISTRAÇÃO,PRESENCIAL,SISU
2023003482,2023,Itajuba,ADMINISTRAÇÃO,PRESENCIAL,SISU
2023012285,2023,Itajuba,ADMINISTRAÇÃO,PRESENCIAL,SISU
2023004891,2023,Itajuba,ADMINISTRAÇÃO,PRESENCIAL,SISU
2023003105,2023,Itajuba,ADMINISTRAÇÃO,PRESENCIAL,SISU
2023004560,2023,Itajuba,ADMINISTRAÇÃO,PRESENCIAL,SISU
2023004846,2023,Itajuba,ADMINISTRAÇÃO,PRESENCIAL,SISU
2023005001,2023,Itajuba,ADMINISTRAÇÃO,PRESENCIAL,SISU
2023001192,2023,Itajuba,ADMINISTRAÇÃO,PRESENCIAL,SISU
2023007140,2023,Itajuba,ADMINISTRAÇÃO,PRESENCIAL,SISU
2023006635,2023,Itajuba,ADMINISTRAÇÃO,PRESENCIAL,SISU
2023012561,2023,Itajuba,ADMINISTRAÇÃO,PRESENCIAL,SISU
2023011297,2023,Itajuba,ADMINISTRAÇÃO,PRESENCIAL,SISU
2023007249,2023,Itajuba,ADMINISTRAÇÃO,PRESENCIAL,SISU
2023002387,2023,Itajuba,ADMINISTRAÇÃO,PRESENCIAL,SISU
2023011410,2023,Itajuba,ADMINISTRAÇÃO,PRESENCIAL,SISU
2023013200,2023,Itajuba,ADMINISTRAÇÃO,PRESENCIAL,SISU
2023003544,2023,Itajuba,Ciencias da Computacao,PRESENCIAL,SISU
2023003651,2023,Itajuba,Ciencias da Computacao,PRESENCIAL,SISU
2023003052,2023,Itajuba,Ciencias da Computacao,PRESENCIAL,SISU
2023007211,2023,Itajuba,Ciencias da Computacao,PRESENCIAL,SISU
2023002135,2023,Itajuba,Ciencias da Computacao,PRESENCIAL,SISU
2023002977,2023,Itajuba,Ciencias da Computacao,PRESENCIAL,SISU
2023010146,2023,Itajuba,Ciencias da Computacao,PRESENCIAL,SISU
2023001272,2023,Itajuba,Ciencias da Computacao,PRESENCIAL,SISU
2023001307,2023,Itajuba,Ciencias da Computacao,PRESENCIAL,SISU
2023008676,2023,Itajuba,Ciencias da Computacao,PRESENCIAL,SISU
2023005342,2023,Itajuba,Ciencias da Computacao,PRESENCIAL,SISU
2023013264,2023,Itajuba,Ciencias da Computacao,PRESENCIAL,SISU
2023010208,2023,Itajuba,Ciencias da Computacao,PRESENCIAL,SISU
2023007276,2023,Itajuba,Ciencias da Computacao,PRESENCIAL,SISU
2023009163,2023,Itajuba,Ciencias da Computacao,PRESENCIAL,SISU
2023001316,2023,Itajuba,Ciencias da Computacao,PRESENCIAL,SISU
2023007427,2023,Itajuba,Ciencias da Computacao,PRESENCIAL,SISU
2023001782,2023,Itajuba,Ciencias da Computacao,PRESENCIAL,SISU
2023007507,2023,Itajuba,Ciencias da Computacao,PRESENCIAL,SISU
2023007650,2023,Itajuba,Ciencias da Computacao,PRESENCIAL,SISU
2023010155,2023,Itajuba,Ciencias da Computacao,PRESENCIAL,SISU
2023012436,2023,Itajuba,Ciencias da Computacao,PRESENCIAL,SISU
2023002091,2023,Itajuba,Ciencias da Computacao,PRESENCIAL,SISU
2023005979,2023,Itajuba,Ciencias da Computacao,PRESENCIAL,SISU
2023007374,2023,Itajuba,Ciencias da Computacao,PRESENCIAL,SISU
2023007697,2023,Itajuba,Ciencias da Computacao,PRESENCIAL,SISU
2023001684,2023,Itajuba,Ciencias da Computacao,PRESENCIAL,SISU
2023009646,2023,Itajuba,Ciencias da Computacao,PRESENCIAL,SISU
2023013578,2023,Itajuba,Ciencias da Computacao,PRESENCIAL,SISU
2023012801,2023,Itajuba,Ciencias da Computacao,PRESENCIAL,SISU
2023012991,2023,Itajuba,Ciencias da Computacao,PRESENCIAL,SISU
2023009225,2023,Itajuba,Ciencias da Computacao,PRESENCIAL,SISU
2023003590,2023,Itajuba,Ciencias da Computacao,PRESENCIAL,SISU
2023007338,2023,Itajuba,CIÊNCIAS ATMOSFÉRICAS,PRESENCIAL,SISU
2023007875,2023,Itajuba,CIÊNCIAS ATMOSFÉRICAS,PRESENCIAL,SISU
2023012006,2023,Itajuba,CIÊNCIAS ATMOSFÉRICAS,PRESENCIAL,SISU
2023007964,2023,Itajuba,CIÊNCIAS ATMOSFÉRICAS,PRESENCIAL,SISU
2023012795,2023,Itajuba,CIÊNCIAS ATMOSFÉRICAS,PRESENCIAL,SISU
2023010351,2023,Itajuba,CIÊNCIAS ATMOSFÉRICAS,PRESENCIAL,SISU
2023002251,2023,Itajuba,CIÊNCIAS ATMOSFÉRICAS,PRESENCIAL,SISU
2023009682,2023,Itajuba,CIÊNCIAS ATMOSFÉRICAS,PRESENCIAL,SISU
2023007294,2023,Itajuba,CIÊNCIAS ATMOSFÉRICAS,PRESENCIAL,SISU
2023012973,2023,Itajuba,CIÊNCIAS ATMOSFÉRICAS,PRESENCIAL,SISU
2023012937,2023,Itajuba,CIÊNCIAS ATMOSFÉRICAS,PRESENCIAL,SISU
2023010629,2023,Itajuba,CIÊNCIAS ATMOSFÉRICAS,PRESENCIAL,SISU
2023007740,2023,Itajuba,CIÊNCIAS ATMOSFÉRICAS,PRESENCIAL,SISU
2023013335,2023,Itajuba,CIÊNCIAS ATMOSFÉRICAS,PRESENCIAL,SISU
2023012623,2023,Itajuba,CIÊNCIAS ATMOSFÉRICAS,PRESENCIAL,SISU
2023001521,2023,Itajuba,CIÊNCIAS ATMOSFÉRICAS,PRESENCIAL,SISU
2023003660,2023,Itajuba,CIÊNCIAS ATMOSFÉRICAS,PRESENCIAL,SISU
2023003769,2023,Itajuba,CIÊNCIAS ATMOSFÉRICAS,PRESENCIAL,SISU
2023003965,2023,Itajuba,CIÊNCIAS ATMOSFÉRICAS,PRESENCIAL,SISU
2023012679,2023,Itajuba,CIÊNCIAS ATMOSFÉRICAS,PRESENCIAL,SISU
2023004309,2023,Itajuba,CIÊNCIAS ATMOSFÉRICAS,PRESENCIAL,SISU
2023007632,2023,Itajuba,CIÊNCIAS ATMOSFÉRICAS,PRESENCIAL,SISU
2023001700,2023,Itajuba,CIÊNCIAS ATMOSFÉRICAS,PRESENCIAL,SISU
2023002331,2023,Itajuba,CIÊNCIAS ATMOSFÉRICAS,PRESENCIAL,SISU
2023004031,2023,Itajuba,CIÊNCIAS ATMOSFÉRICAS,PRESENCIAL,SISU
2023004096,2023,Itajuba,CIÊNCIAS ATMOSFÉRICAS,PRESENCIAL,SISU
2023006081,2023,Itajuba,CIÊNCIAS ATMOSFÉRICAS,PRESENCIAL,SISU
2023010431,2023,Itajuba,CIÊNCIAS ATMOSFÉRICAS,PRESENCIAL,SISU
2023013596,2023,Itajuba,CIÊNCIAS BIOLÓGICAS LICENCIATURA,PRESENCIAL,SISU
2023007481,2023,Itajuba,CIÊNCIAS BIOLÓGICAS LICENCIATURA,PRESENCIAL,SISU
2023011475,2023,Itajuba,CIÊNCIAS BIOLÓGICAS LICENCIATURA,PRESENCIAL,SISU
2023010558,2023,Itajuba,CIÊNCIAS BIOLÓGICAS LICENCIATURA,PRESENCIAL,SISU
2023011448,2023,Itajuba,CIÊNCIAS BIOLÓGICAS LICENCIATURA,PRESENCIAL,SISU
2023010585,2023,Itajuba,CIÊNCIAS BIOLÓGICAS LICENCIATURA,PRESENCIAL,SISU
2023003606,2023,Itajuba,CIÊNCIAS BIOLÓGICAS LICENCIATURA,PRESENCIAL,SISU
2023001290,2023,Itajuba,CIÊNCIAS BIOLÓGICAS LICENCIATURA,PRESENCIAL,SISU
2023010440,2023,Itajuba,CIÊNCIAS BIOLÓGICAS LICENCIATURA,PRESENCIAL,SISU
2023001343,2023,Itajuba,CIÊNCIAS BIOLÓGICAS LICENCIATURA,PRESENCIAL,SISU
2023003910,2023,Itajuba,CIÊNCIAS BIOLÓGICAS LICENCIATURA,PRESENCIAL,SISU
2023010979,2023,Itajuba,CIÊNCIAS BIOLÓGICAS LICENCIATURA,PRESENCIAL,SISU
2023009806,2023,Itajuba,CIÊNCIAS BIOLÓGICAS LICENCIATURA,PRESENCIAL,SISU
2023003713,2023,Itajuba,CIÊNCIAS BIOLÓGICAS LICENCIATURA,PRESENCIAL,SISU
2023002082,2023,Itajuba,CIÊNCIAS BIOLÓGICAS LICENCIATURA,PRESENCIAL,SISU
2023012445,2023,Itajuba,CIÊNCIAS BIOLÓGICAS LICENCIATURA,PRESENCIAL,SISU
2023006279,2023,Itajuba,CIÊNCIAS BIOLÓGICAS LICENCIATURA,PRESENCIAL,SISU
2023008747,2023,Itajuba,CIÊNCIAS BIOLÓGICAS LICENCIATURA,PRESENCIAL,SISU
2023012042,2023,Itajuba,ENGENHARIA AMBIENTAL,PRESENCIAL,SISU
2023013228,2023,Itajuba,ENGENHARIA AMBIENTAL,PRESENCIAL,SISU
2023007329,2023,Itajuba,ENGENHARIA AMBIENTAL,PRESENCIAL,SISU
2023001719,2023,Itajuba,ENGENHARIA AMBIENTAL,PRESENCIAL,SISU
2023010084,2023,Itajuba,ENGENHARIA AMBIENTAL,PRESENCIAL,SISU
2023011537,2023,Itajuba,ENGENHARIA AMBIENTAL,PRESENCIAL,SISU
2023007042,2023,Itajuba,ENGENHARIA AMBIENTAL,PRESENCIAL,SISU
2023008498,2023,Itajuba,ENGENHARIA AMBIENTAL,PRESENCIAL,SISU
2023010262,2023,Itajuba,ENGENHARIA AMBIENTAL,PRESENCIAL,SISU
2023013273,2023,Itajuba,ENGENHARIA AMBIENTAL,PRESENCIAL,SISU
2023012300,2023,Itajuba,ENGENHARIA AMBIENTAL,PRESENCIAL,SISU
2023012777,2023,Itajuba,ENGENHARIA AMBIENTAL,PRESENCIAL,SISU
2023003802,2023,Itajuba,ENGENHARIA AMBIENTAL,PRESENCIAL,SISU
2023004292,2023,Itajuba,ENGENHARIA AMBIENTAL,PRESENCIAL,SISU
2023002117,2023,Itajuba,ENGENHARIA AMBIENTAL,PRESENCIAL,SISU
2023010549,2023,Itajuba,ENGENHARIA AMBIENTAL,PRESENCIAL,SISU
2023005370,2023,Itajuba,ENGENHARIA AMBIENTAL,PRESENCIAL,SISU
2023010502,2023,Itajuba,ENGENHARIA AMBIENTAL,PRESENCIAL,SISU
2023010610,2023,Itajuba,ENGENHARIA AMBIENTAL,PRESENCIAL,SISU
2023002476,2023,Itajuba,ENGENHARIA AMBIENTAL,PRESENCIAL,SISU
2023011733,2023,Itajuba,ENGENHARIA AMBIENTAL,PRESENCIAL,SISU
2023013237,2023,Itajuba,ENGENHARIA AMBIENTAL,PRESENCIAL,SISU
2023006448,2023,Itajuba,ENGENHARIA AMBIENTAL,PRESENCIAL,SISU
2023005997,2023,Itajuba,ENGENHARIA AMBIENTAL,PRESENCIAL,SISU
2023003197,2023,Itajuba,ENGENHARIA AMBIENTAL,PRESENCIAL,SISU
2023002556,2023,Itajuba,ENGENHARIA AMBIENTAL,PRESENCIAL,SISU
2023002350,2023,Itajuba,ENGENHARIA AMBIENTAL,PRESENCIAL,SISU
2023007463,2023,Itajuba,ENGENHARIA AMBIENTAL,PRESENCIAL,SISU
2023001693,2023,Itajuba,ENGENHARIA AMBIENTAL,PRESENCIAL,SISU
2023001835,2023,Itajuba,ENGENHARIA AMBIENTAL,PRESENCIAL,SISU
2023003141,2023,Itajuba,ENGENHARIA AMBIENTAL,PRESENCIAL,SISU
2023011340,2023,Itajuba,ENGENHARIA AMBIENTAL,PRESENCIAL,SISU
2023006546,2023,Itajuba,ENGENHARIA AMBIENTAL,PRESENCIAL,SISU
2023013101,2023,Itajuba,ENGENHARIA AMBIENTAL,PRESENCIAL,SISU
2023011967,2023,Itajuba,ENGENHARIA AMBIENTAL,PRESENCIAL,SISU
2023012740,2023,Itajuba,ENGENHARIA AMBIENTAL,PRESENCIAL,SISU
2023011528,2023,Itajuba,ENGENHARIA AMBIENTAL,PRESENCIAL,SISU
2023008003,2023,Itajuba,ENGENHARIA AMBIENTAL,PRESENCIAL,SISU
2023001906,2023,Itajuba,ENGENHARIA AMBIENTAL,PRESENCIAL,SISU
2023003212,2023,Itajuba,ENGENHARIA AMBIENTAL,PRESENCIAL,SISU
2023009691,2023,Itajuba,ENGENHARIA AMBIENTAL,PRESENCIAL,SISU
2023007801,2023,Itajuba,ENGENHARIA CIVIL,PRESENCIAL,SISU
2023003894,2023,Itajuba,ENGENHARIA CIVIL,PRESENCIAL,SISU
2023004013,2023,Itajuba,ENGENHARIA CIVIL,PRESENCIAL,SISU
2023010656,2023,Itajuba,ENGENHARIA CIVIL,PRESENCIAL,SISU
2023013148,2023,Itajuba,ENGENHARIA CIVIL,PRESENCIAL,SISU
2023011134,2023,Itajuba,ENGENHARIA CIVIL,PRESENCIAL,SISU
2023002000,2023,Itajuba,ENGENHARIA CIVIL,PRESENCIAL,SISU
2023011395,2023,Itajuba,ENGENHARIA CIVIL,PRESENCIAL,SISU
2023012051,2023,Itajuba,ENGENHARIA CIVIL,PRESENCIAL,SISU
2023012570,2023,Itajuba,ENGENHARIA CIVIL,PRESENCIAL,SISU
2023013522,2023,Itajuba,ENGENHARIA CIVIL,PRESENCIAL,SISU
2023012730,2023,Itajuba,ENGENHARIA CIVIL,PRESENCIAL,SISU
2023007006,2023,Itajuba,ENGENHARIA CIVIL,PRESENCIAL,SISU
2023010191,2023,Itajuba,ENGENHARIA CIVIL,PRESENCIAL,SISU
2023001960,2023,Itajuba,ENGENHARIA CIVIL,PRESENCIAL,SISU
2023010389,2023,Itajuba,ENGENHARIA CIVIL,PRESENCIAL,SISU
2023002144,2023,Itajuba,ENGENHARIA CIVIL,PRESENCIAL,SISU
2023008030,2023,Itajuba,ENGENHARIA CIVIL,PRESENCIAL,SISU
2023008040,2023,Itajuba,ENGENHARIA CIVIL,PRESENCIAL,SISU
2023005610,2023,Itajuba,ENGENHARIA CIVIL,PRESENCIAL,SISU
2023004908,2023,Itajuba,ENGENHARIA CIVIL,PRESENCIAL,SISU
2023001497,2023,Itajuba,ENGENHARIA CIVIL,PRESENCIAL,SISU
2023012294,2023,Itajuba,ENGENHARIA CIVIL,PRESENCIAL,SISU
2023012810,2023,Itajuba,ENGENHARIA CIVIL,PRESENCIAL,SISU
2023009744,2023,Itajuba,ENGENHARIA CIVIL,PRESENCIAL,SISU
2023001808,2023,Itajuba,ENGENHARIA CIVIL,PRESENCIAL,SISU
2023012365,2023,Itajuba,ENGENHARIA CIVIL,PRESENCIAL,SISU
2023004050,2023,Itajuba,ENGENHARIA CIVIL,PRESENCIAL,SISU
2023013470,2023,Itajuba,ENGENHARIA CIVIL,PRESENCIAL,SISU
2023013157,2023,Itajuba,ENGENHARIA CIVIL,PRESENCIAL,SISU
2023001826,2023,Itajuba,ENGENHARIA CIVIL,PRESENCIAL,SISU
2023003580,2023,Itajuba,ENGENHARIA CIVIL,PRESENCIAL,SISU
2023007759,2023,Itajuba,ENGENHARIA CIVIL,PRESENCIAL,SISU
2023001890,2023,Itajuba,ENGENHARIA CIVIL,PRESENCIAL,SISU
2023008059,2023,Itajuba,ENGENHARIA CIVIL,PRESENCIAL,SISU
2023001156,2023,Itajuba,ENGENHARIA CIVIL,PRESENCIAL,SISU
2023013255,2023,Itajuba,ENGENHARIA CIVIL,PRESENCIAL,SISU
2023012875,2023,Itajuba,ENGENHARIA CIVIL,PRESENCIAL,SISU
2023013433,2023,Itajuba,ENGENHARIA CIVIL,PRESENCIAL,SISU
2023011466,2023,Itajuba,ENGENHARIA CIVIL,PRESENCIAL,SISU
2023002028,2023,Itajuba,ENGENHARIA DE BIOPROCESSOS,PRESENCIAL,SISU
2023003633,2023,Itajuba,ENGENHARIA DE BIOPROCESSOS,PRESENCIAL,SISU
2023001853,2023,Itajuba,ENGENHARIA DE BIOPROCESSOS,PRESENCIAL,SISU
2023013139,2023,Itajuba,ENGENHARIA DE BIOPROCESSOS,PRESENCIAL,SISU
2023003034,2023,Itajuba,ENGENHARIA DE BIOPROCESSOS,PRESENCIAL,SISU
2023006662,2023,Itajuba,ENGENHARIA DE BIOPROCESSOS,PRESENCIAL,SISU
2023003230,2023,Itajuba,ENGENHARIA DE BIOPROCESSOS,PRESENCIAL,SISU
2023006770,2023,Itajuba,ENGENHARIA DE BIOPROCESSOS,PRESENCIAL,SISU
2023003080,2023,Itajuba,ENGENHARIA DE BIOPROCESSOS,PRESENCIAL,SISU
2023010692,2023,Itajuba,ENGENHARIA DE BIOPROCESSOS,PRESENCIAL,SISU
2023011994,2023,Itajuba,ENGENHARIA DE BIOPROCESSOS,PRESENCIAL,SISU
2023003740,2023,Itajuba,ENGENHARIA DE BIOPROCESSOS,PRESENCIAL,SISU
2023003820,2023,Itajuba,ENGENHARIA DE BIOPROCESSOS,PRESENCIAL,SISU
2023001129,2023,Itajuba,ENGENHARIA DE BIOPROCESSOS,PRESENCIAL,SISU
2023001817,2023,Itajuba,ENGENHARIA DE BIOPROCESSOS,PRESENCIAL,SISU
2023013326,2023,Itajuba,ENGENHARIA DE BIOPROCESSOS,PRESENCIAL,SISU
2023001871,2023,Itajuba,ENGENHARIA DE BIOPROCESSOS,PRESENCIAL,SISU
2023012786,2023,Itajuba,ENGENHARIA DE BIOPROCESSOS,PRESENCIAL,SISU
2023001942,2023,Itajuba,ENGENHARIA DE BIOPROCESSOS,PRESENCIAL,SISU
2023009898,2023,Itajuba,ENGENHARIA DE BIOPROCESSOS,PRESENCIAL,SISU
2023011653,2023,Itajuba,ENGENHARIA DE BIOPROCESSOS,PRESENCIAL,SISU
2023012490,2023,Itajuba,ENGENHARIA DE BIOPROCESSOS,PRESENCIAL,SISU
2023012580,2023,Itajuba,ENGENHARIA DE BIOPROCESSOS,PRESENCIAL,SISU
2023003876,2023,Itajuba,ENGENHARIA DE BIOPROCESSOS,PRESENCIAL,SISU
2023012060,2023,Itajuba,ENGENHARIA DE BIOPROCESSOS,PRESENCIAL,SISU
2023009950,2023,Itajuba,ENGENHARIA DE BIOPROCESSOS,PRESENCIAL,SISU
2023008540,2023,Itajuba,ENGENHARIA DE BIOPROCESSOS,PRESENCIAL,SISU
2023003203,2023,Itajuba,ENGENHARIA DE BIOPROCESSOS,PRESENCIAL,SISU
2023010790,2023,Itajuba,ENGENHARIA DE BIOPROCESSOS,PRESENCIAL,SISU
2023008470,2023,Itajuba,ENGENHARIA DE BIOPROCESSOS,PRESENCIAL,SISU
2023009029,2023,Itajuba,ENGENHARIA DE COMPUTAÇÃO,PRESENCIAL,SISU
2023012070,2023,Itajuba,ENGENHARIA DE COMPUTAÇÃO,PRESENCIAL,SISU
2023013003,2023,Itajuba,ENGENHARIA DE COMPUTAÇÃO,PRESENCIAL,SISU
2023008317,2023,Itajuba,ENGENHARIA DE COMPUTAÇÃO,PRESENCIAL,SISU
2023009270,2023,Itajuba,ENGENHARIA DE COMPUTAÇÃO,PRESENCIAL,SISU
2023003938,2023,Itajuba,ENGENHARIA DE COMPUTAÇÃO,PRESENCIAL,SISU
2023002968,2023,Itajuba,ENGENHARIA DE COMPUTAÇÃO,PRESENCIAL,SISU
2023012338,2023,Itajuba,ENGENHARIA DE COMPUTAÇÃO,PRESENCIAL,SISU
2023011706,2023,Itajuba,ENGENHARIA DE COMPUTAÇÃO,PRESENCIAL,SISU
2023009305,2023,Itajuba,ENGENHARIA DE COMPUTAÇÃO,PRESENCIAL,SISU
2023005351,2023,Itajuba,ENGENHARIA DE COMPUTAÇÃO,PRESENCIAL,SISU
2023001370,2023,Itajuba,ENGENHARIA DE COMPUTAÇÃO,PRESENCIAL,SISU
2023008881,2023,Itajuba,ENGENHARIA DE COMPUTAÇÃO,PRESENCIAL,SISU
2023010001,2023,Itajuba,ENGENHARIA DE COMPUTAÇÃO,PRESENCIAL,SISU
2023001414,2023,Itajuba,ENGENHARIA DE COMPUTAÇÃO,PRESENCIAL,SISU
2023005870,2023,Itajuba,ENGENHARIA DE COMPUTAÇÃO,PRESENCIAL,SISU
2023009360,2023,Itajuba,ENGENHARIA DE COMPUTAÇÃO,PRESENCIAL,SISU
2023005315,2023,Itajuba,ENGENHARIA DE COMPUTAÇÃO,PRESENCIAL,SISU
2023011564,2023,Itajuba,ENGENHARIA DE COMPUTAÇÃO,PRESENCIAL,SISU
2023001450,2023,Itajuba,ENGENHARIA DE COMPUTAÇÃO,PRESENCIAL,SISU
2023005665,2023,Itajuba,ENGENHARIA DE COMPUTAÇÃO,PRESENCIAL,SISU
2023013193,2023,Itajuba,ENGENHARIA DE COMPUTAÇÃO,PRESENCIAL,SISU
2023004505,2023,Itajuba,ENGENHARIA DE COMPUTAÇÃO,PRESENCIAL,SISU
2023010093,2023,Itajuba,ENGENHARIA DE COMPUTAÇÃO,PRESENCIAL,SISU
2023007641,2023,Itajuba,ENGENHARIA DE COMPUTAÇÃO,PRESENCIAL,SISU
2023008890,2023,Itajuba,ENGENHARIA DE COMPUTAÇÃO,PRESENCIAL,SISU
2023009708,2023,Itajuba,ENGENHARIA DE COMPUTAÇÃO,PRESENCIAL,SISU
2023001479,2023,Itajuba,ENGENHARIA DE COMPUTAÇÃO,PRESENCIAL,SISU
2023007973,2023,Itajuba,ENGENHARIA DE COMPUTAÇÃO,PRESENCIAL,SISU
2023013406,2023,Itajuba,ENGENHARIA DE COMPUTAÇÃO,PRESENCIAL,SISU
2023005469,2023,Itajuba,ENGENHARIA DE COMPUTAÇÃO,PRESENCIAL,SISU
2023012660,2023,Itajuba,ENGENHARIA DE COMPUTAÇÃO,PRESENCIAL,SISU
2023001530,2023,Itajuba,ENGENHARIA DE COMPUTAÇÃO,PRESENCIAL,SISU
2023005549,2023,Itajuba,ENGENHARIA DE COMPUTAÇÃO,PRESENCIAL,SISU
2023002037,2023,Itajuba,ENGENHARIA DE COMPUTAÇÃO,PRESENCIAL,SISU
2023001147,2023,Itajuba,ENGENHARIA DE COMPUTAÇÃO,PRESENCIAL,SISU
2023001174,2023,Itajuba,ENGENHARIA DE COMPUTAÇÃO,PRESENCIAL,SISU
2023004597,2023,Itajuba,ENGENHARIA DE COMPUTAÇÃO,PRESENCIAL,SISU
2023001970,2023,Itajuba,ENGENHARIA DE COMPUTAÇÃO,PRESENCIAL,SISU
2023005638,2023,Itajuba,ENGENHARIA DE COMPUTAÇÃO,PRESENCIAL,SISU
2023005772,2023,Itajuba,ENGENHARIA DE COMPUTAÇÃO,PRESENCIAL,SISU
2023005709,2023,Itajuba,ENGENHARIA DE COMPUTAÇÃO,PRESENCIAL,SISU
2023001209,2023,Itajuba,ENGENHARIA DE COMPUTAÇÃO,PRESENCIAL,SISU
2023008872,2023,Itajuba,ENGENHARIA DE COMPUTAÇÃO,PRESENCIAL,SISU
2023001880,2023,Itajuba,ENGENHARIA DE COMPUTAÇÃO,PRESENCIAL,SISU
2023005066,2023,Itajuba,ENGENHARIA DE COMPUTAÇÃO,PRESENCIAL,SISU
2023013353,2023,Itajuba,ENGENHARIA DE COMPUTAÇÃO,PRESENCIAL,SISU
2023001076,2023,Itajuba,ENGENHARIA DE COMPUTAÇÃO,PRESENCIAL,SISU
2023003704,2023,Itajuba,ENGENHARIA DE COMPUTAÇÃO,PRESENCIAL,SISU
2023001648,2023,Itajuba,ENGENHARIA DE COMPUTAÇÃO,PRESENCIAL,SISU
2023012383,2023,Itajuba,ENGENHARIA DE COMPUTAÇÃO,PRESENCIAL,SISU
2023003016,2023,Itajuba,ENGENHARIA DE COMPUTAÇÃO,PRESENCIAL,SISU
2023005119,2023,Itajuba,ENGENHARIA DE COMPUTAÇÃO,PRESENCIAL,SISU
2023001218,2023,Itajuba,ENGENHARIA DE COMPUTAÇÃO,PRESENCIAL,SISU
2023008774,2023,Itajuba,ENGENHARIA DE COMPUTAÇÃO,PRESENCIAL,SISU
2023012220,2023,Itajuba,ENGENHARIA DE COMPUTAÇÃO,PRESENCIAL,SISU
2023001915,2023,Itajuba,ENGENHARIA DE COMPUTAÇÃO,PRESENCIAL,SISU
2023011573,2023,Itajuba,ENGENHARIA DE COMPUTAÇÃO,PRESENCIAL,SISU
2023012113,2023,Itajuba,ENGENHARIA DE CONTROLE E AUTOMAÇÃO,PRESENCIAL,SISU
2023001951,2023,Itajuba,ENGENHARIA DE CONTROLE E AUTOMAÇÃO,PRESENCIAL,SISU
2023006214,2023,Itajuba,ENGENHARIA DE CONTROLE E AUTOMAÇÃO,PRESENCIAL,SISU
2023008433,2023,Itajuba,ENGENHARIA DE CONTROLE E AUTOMAÇÃO,PRESENCIAL,SISU
2023012356,2023,Itajuba,ENGENHARIA DE CONTROLE E AUTOMAÇÃO,PRESENCIAL,SISU
2023008193,2023,Itajuba,ENGENHARIA DE CONTROLE E AUTOMAÇÃO,PRESENCIAL,SISU
2023007070,2023,Itajuba,ENGENHARIA DE CONTROLE E AUTOMAÇÃO,PRESENCIAL,SISU
2023001610,2023,Itajuba,ENGENHARIA DE CONTROLE E AUTOMAÇÃO,PRESENCIAL,SISU
2023008765,2023,Itajuba,ENGENHARIA DE CONTROLE E AUTOMAÇÃO,PRESENCIAL,SISU
2023004130,2023,Itajuba,ENGENHARIA DE CONTROLE E AUTOMAÇÃO,PRESENCIAL,SISU
2023004111,2023,Itajuba,ENGENHARIA DE CONTROLE E AUTOMAÇÃO,PRESENCIAL,SISU
2023001559,2023,Itajuba,ENGENHARIA DE CONTROLE E AUTOMAÇÃO,PRESENCIAL,SISU
2023008863,2023,Itajuba,ENGENHARIA DE CONTROLE E AUTOMAÇÃO,PRESENCIAL,SISU
2023007098,2023,Itajuba,ENGENHARIA DE CONTROLE E AUTOMAÇÃO,PRESENCIAL,SISU
2023013442,2023,Itajuba,ENGENHARIA DE CONTROLE E AUTOMAÇÃO,PRESENCIAL,SISU
2023007900,2023,Itajuba,ENGENHARIA DE CONTROLE E AUTOMAÇÃO,PRESENCIAL,SISU
2023002019,2023,Itajuba,ENGENHARIA DE CONTROLE E AUTOMAÇÃO,PRESENCIAL,SISU
2023008371,2023,Itajuba,ENGENHARIA DE CONTROLE E AUTOMAÇÃO,PRESENCIAL,SISU
2023012552,2023,Itajuba,ENGENHARIA DE CONTROLE E AUTOMAÇÃO,PRESENCIAL,SISU
2023005790,2023,Itajuba,ENGENHARIA DE CONTROLE E AUTOMAÇÃO,PRESENCIAL,SISU
2023003858,2023,Itajuba,ENGENHARIA DE CONTROLE E AUTOMAÇÃO,PRESENCIAL,SISU
2023010164,2023,Itajuba,ENGENHARIA DE CONTROLE E AUTOMAÇÃO,PRESENCIAL,SISU
2023009600,2023,Itajuba,ENGENHARIA DE CONTROLE E AUTOMAÇÃO,PRESENCIAL,SISU
2023003956,2023,Itajuba,ENGENHARIA DE CONTROLE E AUTOMAÇÃO,PRESENCIAL,SISU
2023011626,2023,Itajuba,ENGENHARIA DE CONTROLE E AUTOMAÇÃO,PRESENCIAL,SISU
2023008550,2023,Itajuba,ENGENHARIA DE CONTROLE E AUTOMAÇÃO,PRESENCIAL,SISU
2023013021,2023,Itajuba,ENGENHARIA DE CONTROLE E AUTOMAÇÃO,PRESENCIAL,SISU
2023012481,2023,Itajuba,ENGENHARIA DE CONTROLE E AUTOMAÇÃO,PRESENCIAL,SISU
2023001595,2023,Itajuba,ENGENHARIA DE CONTROLE E AUTOMAÇÃO,PRESENCIAL,SISU
2023012866,2023,Itajuba,ENGENHARIA DE CONTROLE E AUTOMAÇÃO,PRESENCIAL,SISU
2023004078,2023,Itajuba,ENGENHARIA DE CONTROLE E AUTOMAÇÃO,PRESENCIAL,SISU
2023002064,2023,Itajuba,ENGENHARIA DE CONTROLE E AUTOMAÇÃO,PRESENCIAL,SISU
2023003240,2023,Itajuba,ENGENHARIA DE CONTROLE E AUTOMAÇÃO,PRESENCIAL,SISU
2023005398,2023,Itajuba,ENGENHARIA DE CONTROLE E AUTOMAÇÃO,PRESENCIAL,SISU
2023011143,2023,Itajuba,ENGENHARIA DE CONTROLE E AUTOMAÇÃO,PRESENCIAL,SISU
2023012427,2023,Itajuba,ENGENHARIA DE CONTROLE E AUTOMAÇÃO,PRESENCIAL,SISU
2023001924,2023,Itajuba,ENGENHARIA DE CONTROLE E AUTOMAÇÃO,PRESENCIAL,SISU
2023003384,2023,Itajuba,ENGENHARIA DE CONTROLE E AUTOMAÇÃO,PRESENCIAL,SISU
2023010271,2023,Itajuba,ENGENHARIA DE CONTROLE E AUTOMAÇÃO,PRESENCIAL,SISU
2023009717,2023,Itajuba,ENGENHARIA DE CONTROLE E AUTOMAÇÃO,PRESENCIAL,SISU
2023009421,2023,Itajuba,ENGENHARIA DE CONTROLE E AUTOMAÇÃO,PRESENCIAL,SISU
2023011831,2023,Itajuba,ENGENHARIA DE CONTROLE E AUTOMAÇÃO,PRESENCIAL,SISU
2023005450,2023,Itajuba,ENGENHARIA DE CONTROLE E AUTOMAÇÃO,PRESENCIAL,SISU
2023012347,2023,Itajuba,ENGENHARIA DE CONTROLE E AUTOMAÇÃO,PRESENCIAL,SISU
2023012098,2023,Itajuba,ENGENHARIA DE CONTROLE E AUTOMAÇÃO,PRESENCIAL,SISU
2023012122,2023,Itajuba,ENGENHARIA DE CONTROLE E AUTOMAÇÃO,PRESENCIAL,SISU
2023005389,2023,Itajuba,ENGENHARIA DE CONTROLE E AUTOMAÇÃO,PRESENCIAL,SISU
2023012089,2023,Itajuba,ENGENHARIA DE ENERGIA,PRESENCIAL,SISU
2023009092,2023,Itajuba,ENGENHARIA DE ENERGIA,PRESENCIAL,SISU
2023003419,2023,Itajuba,ENGENHARIA DE ENERGIA,PRESENCIAL,SISU
2023005781,2023,Itajuba,ENGENHARIA DE ENERGIA,PRESENCIAL,SISU
2023010718,2023,Itajuba,ENGENHARIA DE ENERGIA,PRESENCIAL,SISU
2023008068,2023,Itajuba,ENGENHARIA DE ENERGIA,PRESENCIAL,SISU
2023004004,2023,Itajuba,ENGENHARIA DE ENERGIA,PRESENCIAL,SISU
2023003947,2023,Itajuba,ENGENHARIA DE ENERGIA,PRESENCIAL,SISU
2023010315,2023,Itajuba,ENGENHARIA DE ENERGIA,PRESENCIAL,SISU
2023004514,2023,Itajuba,ENGENHARIA DE ENERGIA,PRESENCIAL,SISU
2023007730,2023,Itajuba,ENGENHARIA DE ENERGIA,PRESENCIAL,SISU
2023003437,2023,Itajuba,ENGENHARIA DE ENERGIA,PRESENCIAL,SISU
2023010360,2023,Itajuba,ENGENHARIA DE ENERGIA,PRESENCIAL,SISU
2023009379,2023,Itajuba,ENGENHARIA DE ENERGIA,PRESENCIAL,SISU
2023005280,2023,Itajuba,ENGENHARIA DE ENERGIA,PRESENCIAL,SISU
2023001183,2023,Itajuba,ENGENHARIA DE ENERGIA,PRESENCIAL,SISU
2023010398,2023,Itajuba,ENGENHARIA DE ENERGIA,PRESENCIAL,SISU
2023011484,2023,Itajuba,ENGENHARIA DE ENERGIA,PRESENCIAL,SISU
2023011751,2023,Itajuba,ENGENHARIA DE ENERGIA,PRESENCIAL,SISU
2023001998,2023,Itajuba,ENGENHARIA DE ENERGIA,PRESENCIAL,SISU
2023007839,2023,Itajuba,ENGENHARIA DE ENERGIA,PRESENCIAL,SISU
2023001568,2023,Itajuba,ENGENHARIA DE ENERGIA,PRESENCIAL,SISU
2023012392,2023,Itajuba,ENGENHARIA DE ENERGIA,PRESENCIAL,SISU
2023011205,2023,Itajuba,ENGENHARIA DE ENERGIA,PRESENCIAL,SISU
2023001620,2023,Itajuba,ENGENHARIA DE ENERGIA,PRESENCIAL,SISU
2023010745,2023,Itajuba,ENGENHARIA DE ENERGIA,PRESENCIAL,SISU
2023008012,2023,Itajuba,ENGENHARIA DE ENERGIA,PRESENCIAL,SISU
2023002073,2023,Itajuba,ENGENHARIA DE ENERGIA,PRESENCIAL,SISU
2023010781,2023,Itajuba,ENGENHARIA DE ENERGIA,PRESENCIAL,SISU
2023009010,2023,Itajuba,ENGENHARIA DE ENERGIA,PRESENCIAL,SISU
2023001737,2023,Itajuba,ENGENHARIA DE MATERIAIS,PRESENCIAL,SISU
2023009341,2023,Itajuba,ENGENHARIA DE MATERIAIS,PRESENCIAL,SISU
2023010665,2023,Itajuba,ENGENHARIA DE MATERIAIS,PRESENCIAL,SISU
2023001110,2023,Itajuba,ENGENHARIA DE MATERIAIS,PRESENCIAL,SISU
2023002242,2023,Itajuba,ENGENHARIA DE MATERIAIS,PRESENCIAL,SISU
2023002206,2023,Itajuba,ENGENHARIA DE MATERIAIS,PRESENCIAL,SISU
2023002260,2023,Itajuba,ENGENHARIA DE MATERIAIS,PRESENCIAL,SISU
2023010834,2023,Itajuba,ENGENHARIA DE MATERIAIS,PRESENCIAL,SISU
2023005271,2023,Itajuba,ENGENHARIA DE MATERIAIS,PRESENCIAL,SISU
2023012839,2023,Itajuba,ENGENHARIA DE MATERIAIS,PRESENCIAL,SISU
2023005816,2023,Itajuba,ENGENHARIA DE MATERIAIS,PRESENCIAL,SISU
2023010941,2023,Itajuba,ENGENHARIA DE MATERIAIS,PRESENCIAL,SISU
2023007688,2023,Itajuba,ENGENHARIA DE MATERIAIS,PRESENCIAL,SISU
2023009118,2023,Itajuba,ENGENHARIA DE MATERIAIS,PRESENCIAL,SISU
2023006671,2023,Itajuba,ENGENHARIA DE MATERIAIS,PRESENCIAL,SISU
2023002485,2023,Itajuba,ENGENHARIA DE MATERIAIS,PRESENCIAL,SISU
2023004677,2023,Itajuba,ENGENHARIA DE MATERIAIS,PRESENCIAL,SISU
2023010754,2023,Itajuba,ENGENHARIA DE MATERIAIS,PRESENCIAL,SISU
2023002583,2023,Itajuba,ENGENHARIA DE MATERIAIS,PRESENCIAL,SISU
2023002752,2023,Itajuba,ENGENHARIA DE MATERIAIS,PRESENCIAL,SISU
2023006617,2023,Itajuba,ENGENHARIA DE MATERIAIS,PRESENCIAL,SISU
2023010772,2023,Itajuba,ENGENHARIA DE MATERIAIS,PRESENCIAL,SISU
2023006054,2023,Itajuba,ENGENHARIA DE MATERIAIS,PRESENCIAL,SISU
2023009735,2023,Itajuba,ENGENHARIA DE MATERIAIS,PRESENCIAL,SISU
2023010843,2023,Itajuba,ENGENHARIA DE MATERIAIS,PRESENCIAL,SISU
2023010950,2023,Itajuba,ENGENHARIA DE MATERIAIS,PRESENCIAL,SISU
2023010816,2023,Itajuba,ENGENHARIA DE MATERIAIS,PRESENCIAL,SISU
2023006493,2023,Itajuba,ENGENHARIA DE MATERIAIS,PRESENCIAL,SISU
2023002215,2023,Itajuba,ENGENHARIA DE MATERIAIS,PRESENCIAL,SISU
2023006466,2023,Itajuba,ENGENHARIA DE MATERIAIS,PRESENCIAL,SISU
2023011260,2023,Itajuba,ENGENHARIA DE MATERIAIS,PRESENCIAL,SISU
2023011500,2023,Itajuba,ENGENHARIA DE MATERIAIS,PRESENCIAL,SISU
2023011662,2023,Itajuba,ENGENHARIA DE MATERIAIS,PRESENCIAL,SISU
2023004040,2023,Itajuba,ENGENHARIA DE MATERIAIS,PRESENCIAL,SISU
2023002233,2023,Itajuba,ENGENHARIA DE MATERIAIS,PRESENCIAL,SISU
2023002304,2023,Itajuba,ENGENHARIA DE MATERIAIS,PRESENCIAL,SISU
2023009154,2023,Itajuba,ENGENHARIA DE MATERIAIS,PRESENCIAL,SISU
2023002322,2023,Itajuba,ENGENHARIA DE MATERIAIS,PRESENCIAL,SISU
2023012857,2023,Itajuba,ENGENHARIA DE MATERIAIS,PRESENCIAL,SISU
2023011161,2023,Itajuba,ENGENHARIA DE PRODUÇÃO,PRESENCIAL,SISU
2023013184,2023,Itajuba,ENGENHARIA DE PRODUÇÃO,PRESENCIAL,SISU
2023011199,2023,Itajuba,ENGENHARIA DE PRODUÇÃO,PRESENCIAL,SISU
2023005404,2023,Itajuba,ENGENHARIA DE PRODUÇÃO,PRESENCIAL,SISU
2023011081,2023,Itajuba,ENGENHARIA DE PRODUÇÃO,PRESENCIAL,SISU
2023011644,2023,Itajuba,ENGENHARIA DE PRODUÇÃO,PRESENCIAL,SISU
2023009780,2023,Itajuba,ENGENHARIA DE PRODUÇÃO,PRESENCIAL,SISU
2023005487,2023,Itajuba,ENGENHARIA DE PRODUÇÃO,PRESENCIAL,SISU
2023012955,2023,Itajuba,ENGENHARIA DE PRODUÇÃO,PRESENCIAL,SISU
2023004022,2023,Itajuba,ENGENHARIA DE PRODUÇÃO,PRESENCIAL,SISU
2023001601,2023,Itajuba,ENGENHARIA DE PRODUÇÃO,PRESENCIAL,SISU
2023012104,2023,Itajuba,ENGENHARIA DE PRODUÇÃO,PRESENCIAL,SISU
2023006386,2023,Itajuba,ENGENHARIA DE PRODUÇÃO,PRESENCIAL,SISU
2023012131,2023,Itajuba,ENGENHARIA DE PRODUÇÃO,PRESENCIAL,SISU
2023006312,2023,Itajuba,ENGENHARIA DE PRODUÇÃO,PRESENCIAL,SISU
2023008925,2023,Itajuba,ENGENHARIA DE PRODUÇÃO,PRESENCIAL,SISU
2023002467,2023,Itajuba,ENGENHARIA DE PRODUÇÃO,PRESENCIAL,SISU
2023006250,2023,Itajuba,ENGENHARIA DE PRODUÇÃO,PRESENCIAL,SISU
2023005600,2023,Itajuba,ENGENHARIA DE PRODUÇÃO,PRESENCIAL,SISU
2023012712,2023,Itajuba,ENGENHARIA DE PRODUÇÃO,PRESENCIAL,SISU
2023009753,2023,Itajuba,ENGENHARIA DE PRODUÇÃO,PRESENCIAL,SISU
2023011152,2023,Itajuba,ENGENHARIA DE PRODUÇÃO,PRESENCIAL,SISU
2023005502,2023,Itajuba,ENGENHARIA DE PRODUÇÃO,PRESENCIAL,SISU
2023004345,2023,Itajuba,ENGENHARIA DE PRODUÇÃO,PRESENCIAL,SISU
2023001755,2023,Itajuba,ENGENHARIA DE PRODUÇÃO,PRESENCIAL,SISU
2023005262,2023,Itajuba,ENGENHARIA DE PRODUÇÃO,PRESENCIAL,SISU
2023002298,2023,Itajuba,ENGENHARIA DE PRODUÇÃO,PRESENCIAL,SISU
2023007982,2023,Itajuba,ENGENHARIA DE PRODUÇÃO,PRESENCIAL,SISU
2023004381,2023,Itajuba,ENGENHARIA DE PRODUÇÃO,PRESENCIAL,SISU
2023005253,2023,Itajuba,ENGENHARIA DE PRODUÇÃO,PRESENCIAL,SISU
2023003259,2023,Itajuba,ENGENHARIA DE PRODUÇÃO,PRESENCIAL,SISU
2023002420,2023,Itajuba,ENGENHARIA DE PRODUÇÃO,PRESENCIAL,SISU
2023002690,2023,Itajuba,ENGENHARIA DE PRODUÇÃO,PRESENCIAL,SISU
2023004407,2023,Itajuba,ENGENHARIA DE PRODUÇÃO,PRESENCIAL,SISU
2023013371,2023,Itajuba,ENGENHARIA DE PRODUÇÃO,PRESENCIAL,SISU
2023005422,2023,Itajuba,ENGENHARIA DE PRODUÇÃO,PRESENCIAL,SISU
2023009987,2023,Itajuba,ENGENHARIA DE PRODUÇÃO,PRESENCIAL,SISU
2023002716,2023,Itajuba,ENGENHARIA DE PRODUÇÃO,PRESENCIAL,SISU
2023008569,2023,Itajuba,ENGENHARIA DE PRODUÇÃO,PRESENCIAL,SISU
2023007122,2023,Itajuba,ENGENHARIA DE PRODUÇÃO,PRESENCIAL,SISU
2023005244,2023,Itajuba,ENGENHARIA DE PRODUÇÃO,PRESENCIAL,SISU
2023005431,2023,Itajuba,ENGENHARIA DE PRODUÇÃO,PRESENCIAL,SISU
2023004461,2023,Itajuba,ENGENHARIA DE PRODUÇÃO,PRESENCIAL,SISU
2023011018,2023,Itajuba,ENGENHARIA DE PRODUÇÃO,PRESENCIAL,SISU
2023011582,2023,Itajuba,ENGENHARIA DE PRODUÇÃO,PRESENCIAL,SISU
2023001067,2023,Itajuba,ENGENHARIA DE PRODUÇÃO,PRESENCIAL,SISU
2023005191,2023,Itajuba,ENGENHARIA DE PRODUÇÃO,PRESENCIAL,SISU
2023005530,2023,Itajuba,ENGENHARIA DE PRODUÇÃO,PRESENCIAL,SISU
2023002805,2023,Itajuba,ENGENHARIA DE PRODUÇÃO,PRESENCIAL,SISU
2023002270,2023,Itajuba,ENGENHARIA DE PRODUÇÃO,PRESENCIAL,SISU
2023013451,2023,Itajuba,ENGENHARIA DE PRODUÇÃO,PRESENCIAL,SISU
2023010567,2023,Itajuba,ENGENHARIA DE PRODUÇÃO,PRESENCIAL,SISU
2023008854,2023,Itajuba,ENGENHARIA DE PRODUÇÃO,PRESENCIAL,SISU
2023013068,2023,Itajuba,ENGENHARIA DE PRODUÇÃO,PRESENCIAL,SISU
2023005100,2023,Itajuba,ENGENHARIA DE PRODUÇÃO,PRESENCIAL,SISU
2023013246,2023,Itajuba,ENGENHARIA DE PRODUÇÃO,PRESENCIAL,SISU
2023007623,2023,Itajuba,ENGENHARIA DE PRODUÇÃO,PRESENCIAL,SISU
2023010594,2023,Itajuba,ENGENHARIA DE PRODUÇÃO,PRESENCIAL,SISU
2023010988,2023,Itajuba,ENGENHARIA ELÉTRICA,PRESENCIAL,SISU
2023008522,2023,Itajuba,ENGENHARIA ELÉTRICA,PRESENCIAL,SISU
2023005306,2023,Itajuba,ENGENHARIA ELÉTRICA,PRESENCIAL,SISU
2023002378,2023,Itajuba,ENGENHARIA ELÉTRICA,PRESENCIAL,SISU
2023007365,2023,Itajuba,ENGENHARIA ELÉTRICA,PRESENCIAL,SISU
2023012187,2023,Itajuba,ENGENHARIA ELÉTRICA,PRESENCIAL,SISU
2023004603,2023,Itajuba,ENGENHARIA ELÉTRICA,PRESENCIAL,SISU
2023010960,2023,Itajuba,ENGENHARIA ELÉTRICA,PRESENCIAL,SISU
2023012418,2023,Itajuba,ENGENHARIA ELÉTRICA,PRESENCIAL,SISU
2023008451,2023,Itajuba,ENGENHARIA ELÉTRICA,PRESENCIAL,SISU
2023010923,2023,Itajuba,ENGENHARIA ELÉTRICA,PRESENCIAL,SISU
2023004701,2023,Itajuba,ENGENHARIA ELÉTRICA,PRESENCIAL,SISU
2023012721,2023,Itajuba,ENGENHARIA ELÉTRICA,PRESENCIAL,SISU
2023004470,2023,Itajuba,ENGENHARIA ELÉTRICA,PRESENCIAL,SISU
2023004640,2023,Itajuba,ENGENHARIA ELÉTRICA,PRESENCIAL,SISU
2023010899,2023,Itajuba,ENGENHARIA ELÉTRICA,PRESENCIAL,SISU
2023012534,2023,Itajuba,ENGENHARIA ELÉTRICA,PRESENCIAL,SISU
2023002402,2023,Itajuba,ENGENHARIA ELÉTRICA,PRESENCIAL,SISU
2023001263,2023,Itajuba,ENGENHARIA ELÉTRICA,PRESENCIAL,SISU
2023007285,2023,Itajuba,ENGENHARIA ELÉTRICA,PRESENCIAL,SISU
2023002449,2023,Itajuba,ENGENHARIA ELÉTRICA,PRESENCIAL,SISU
2023008424,2023,Itajuba,ENGENHARIA ELÉTRICA,PRESENCIAL,SISU
2023010638,2023,Itajuba,ENGENHARIA ELÉTRICA,PRESENCIAL,SISU
2023003455,2023,Itajuba,ENGENHARIA ELÉTRICA,PRESENCIAL,SISU
2023012900,2023,Itajuba,ENGENHARIA ELÉTRICA,PRESENCIAL,SISU
2023007919,2023,Itajuba,ENGENHARIA ELÉTRICA,PRESENCIAL,SISU
2023008961,2023,Itajuba,ENGENHARIA ELÉTRICA,PRESENCIAL,SISU
2023012964,2023,Itajuba,ENGENHARIA ELÉTRICA,PRESENCIAL,SISU
2023009762,2023,Itajuba,ENGENHARIA ELÉTRICA,PRESENCIAL,SISU
2023007196,2023,Itajuba,ENGENHARIA ELÉTRICA,PRESENCIAL,SISU
2023003526,2023,Itajuba,ENGENHARIA ELÉTRICA,PRESENCIAL,SISU
2023008729,2023,Itajuba,ENGENHARIA ELÉTRICA,PRESENCIAL,SISU
2023012409,2023,Itajuba,ENGENHARIA ELÉTRICA,PRESENCIAL,SISU
2023003731,2023,Itajuba,ENGENHARIA ELÉTRICA,PRESENCIAL,SISU
2023007795,2023,Itajuba,ENGENHARIA ELÉTRICA,PRESENCIAL,SISU
2023001094,2023,Itajuba,ENGENHARIA ELÉTRICA,PRESENCIAL,SISU
2023003571,2023,Itajuba,ENGENHARIA ELÉTRICA,PRESENCIAL,SISU
2023009815,2023,Itajuba,ENGENHARIA ELÉTRICA,PRESENCIAL,SISU
2023011546,2023,Itajuba,ENGENHARIA ELÉTRICA,PRESENCIAL,SISU
2023009771,2023,Itajuba,ENGENHARIA ELÉTRICA,PRESENCIAL,SISU
2023008999,2023,Itajuba,ENGENHARIA ELÉTRICA,PRESENCIAL,SISU
2023011116,2023,Itajuba,ENGENHARIA ELÉTRICA,PRESENCIAL,SISU
2023009207,2023,Itajuba,ENGENHARIA ELÉTRICA,PRESENCIAL,SISU
2023007679,2023,Itajuba,ENGENHARIA ELÉTRICA,PRESENCIAL,SISU
2023003268,2023,Itajuba,ENGENHARIA ELÉTRICA,PRESENCIAL,SISU
2023006045,2023,Itajuba,ENGENHARIA ELÉTRICA,PRESENCIAL,SISU
2023008531,2023,Itajuba,ENGENHARIA ELÉTRICA,PRESENCIAL,SISU
2023008943,2023,Itajuba,ENGENHARIA ELÉTRICA,PRESENCIAL,SISU
2023007820,2023,Itajuba,ENGENHARIA ELÉTRICA,PRESENCIAL,SISU
2023007937,2023,Itajuba,ENGENHARIA ELÉTRICA,PRESENCIAL,SISU
2023003689,2023,Itajuba,ENGENHARIA ELÉTRICA,PRESENCIAL,SISU
2023012946,2023,Itajuba,ENGENHARIA ELÉTRICA,PRESENCIAL,SISU
2023006018,2023,Itajuba,ENGENHARIA ELÉTRICA,PRESENCIAL,SISU
2023012759,2023,Itajuba,ENGENHARIA ELÉTRICA,PRESENCIAL,SISU
2023011635,2023,Itajuba,ENGENHARIA ELÉTRICA,PRESENCIAL,SISU
2023009280,2023,Itajuba,ENGENHARIA ELÉTRICA,PRESENCIAL,SISU
2023001361,2023,Itajuba,ENGENHARIA ELÉTRICA,PRESENCIAL,SISU
2023012768,2023,Itajuba,ENGENHARIA ELÉTRICA,PRESENCIAL,SISU
2023007267,2023,Itajuba,ENGENHARIA ELÉTRICA,PRESENCIAL,SISU
2023002340,2023,Itajuba,ENGENHARIA ELÉTRICA,PRESENCIAL,SISU
2023006930,2023,Itajuba,ENGENHARIA ELÉTRICA,PRESENCIAL,SISU
2023012688,2023,Itajuba,ENGENHARIA ELÉTRICA,PRESENCIAL,SISU
2023008120,2023,Itajuba,ENGENHARIA ELÉTRICA,PRESENCIAL,SISU
2023009314,2023,Itajuba,ENGENHARIA ELÉTRICA,PRESENCIAL,SISU
2023001254,2023,Itajuba,ENGENHARIA ELÉTRICA,PRESENCIAL,SISU
2023002430,2023,Itajuba,ENGENHARIA ELÉTRICA,PRESENCIAL,SISU
2023011690,2023,Itajuba,ENGENHARIA ELÉTRICA,PRESENCIAL,SISU
2023007150,2023,Itajuba,ENGENHARIA ELÉTRICA,PRESENCIAL,SISU
2023005988,2023,Itajuba,ENGENHARIA ELÉTRICA,PRESENCIAL,SISU
2023005950,2023,Itajuba,ENGENHARIA ELÉTRICA,PRESENCIAL,SISU
2023002494,2023,Itajuba,ENGENHARIA ELÉTRICA,PRESENCIAL,SISU
2023005905,2023,Itajuba,ENGENHARIA ELÉTRICA,PRESENCIAL,SISU
2023002529,2023,Itajuba,ENGENHARIA ELÉTRICA,PRESENCIAL,SISU
2023011214,2023,Itajuba,ENGENHARIA ELÉTRICA,PRESENCIAL,SISU
2023002547,2023,Itajuba,ENGENHARIA ELÉTRICA,PRESENCIAL,SISU
2023008264,2023,Itajuba,ENGENHARIA ELÉTRICA,PRESENCIAL,SISU
2023002574,2023,Itajuba,ENGENHARIA ELETRÔNICA,PRESENCIAL,SISU
2023002055,2023,Itajuba,ENGENHARIA ELETRÔNICA,PRESENCIAL,SISU
2023002126,2023,Itajuba,ENGENHARIA ELETRÔNICA,PRESENCIAL,SISU
2023009913,2023,Itajuba,ENGENHARIA ELETRÔNICA,PRESENCIAL,SISU
2023001586,2023,Itajuba,ENGENHARIA ELETRÔNICA,PRESENCIAL,SISU
2023010914,2023,Itajuba,ENGENHARIA ELETRÔNICA,PRESENCIAL,SISU
2023002171,2023,Itajuba,ENGENHARIA ELETRÔNICA,PRESENCIAL,SISU
2023009083,2023,Itajuba,ENGENHARIA ELETRÔNICA,PRESENCIAL,SISU
2023001512,2023,Itajuba,ENGENHARIA ELETRÔNICA,PRESENCIAL,SISU
2023002538,2023,Itajuba,ENGENHARIA ELETRÔNICA,PRESENCIAL,SISU
2023007884,2023,Itajuba,ENGENHARIA ELETRÔNICA,PRESENCIAL,SISU
2023011878,2023,Itajuba,ENGENHARIA ELETRÔNICA,PRESENCIAL,SISU
2023002645,2023,Itajuba,ENGENHARIA ELETRÔNICA,PRESENCIAL,SISU
2023009566,2023,Itajuba,ENGENHARIA ELETRÔNICA,PRESENCIAL,SISU
2023005825,2023,Itajuba,ENGENHARIA ELETRÔNICA,PRESENCIAL,SISU
2023006949,2023,Itajuba,ENGENHARIA ELETRÔNICA,PRESENCIAL,SISU
2023006760,2023,Itajuba,ENGENHARIA ELETRÔNICA,PRESENCIAL,SISU
2023006850,2023,Itajuba,ENGENHARIA ELETRÔNICA,PRESENCIAL,SISU
2023001488,2023,Itajuba,ENGENHARIA ELETRÔNICA,PRESENCIAL,SISU
2023002654,2023,Itajuba,ENGENHARIA ELETRÔNICA,PRESENCIAL,SISU
2023002860,2023,Itajuba,ENGENHARIA ELETRÔNICA,PRESENCIAL,SISU
2023005440,2023,Itajuba,ENGENHARIA ELETRÔNICA,PRESENCIAL,SISU
2023001666,2023,Itajuba,ENGENHARIA ELETRÔNICA,PRESENCIAL,SISU
2023004962,2023,Itajuba,ENGENHARIA ELETRÔNICA,PRESENCIAL,SISU
2023002663,2023,Itajuba,ENGENHARIA ELETRÔNICA,PRESENCIAL,SISU
2023011232,2023,Itajuba,ENGENHARIA HÍDRICA,PRESENCIAL,SISU
2023009510,2023,Itajuba,ENGENHARIA HÍDRICA,PRESENCIAL,SISU
2023006813,2023,Itajuba,ENGENHARIA HÍDRICA,PRESENCIAL,SISU
2023011072,2023,Itajuba,ENGENHARIA HÍDRICA,PRESENCIAL,SISU
2023005128,2023,Itajuba,ENGENHARIA HÍDRICA,PRESENCIAL,SISU
2023011896,2023,Itajuba,ENGENHARIA HÍDRICA,PRESENCIAL,SISU
2023007768,2023,Itajuba,ENGENHARIA HÍDRICA,PRESENCIAL,SISU
2023011063,2023,Itajuba,ENGENHARIA HÍDRICA,PRESENCIAL,SISU
2023008630,2023,Itajuba,ENGENHARIA HÍDRICA,PRESENCIAL,SISU
2023006724,2023,Itajuba,ENGENHARIA HÍDRICA,PRESENCIAL,SISU
2023010020,2023,Itajuba,ENGENHARIA HÍDRICA,PRESENCIAL,SISU
2023002672,2023,Itajuba,ENGENHARIA HÍDRICA,PRESENCIAL,SISU
2023004579,2023,Itajuba,ENGENHARIA HÍDRICA,PRESENCIAL,SISU
2023012033,2023,Itajuba,ENGENHARIA HÍDRICA,PRESENCIAL,SISU
2023004793,2023,Itajuba,ENGENHARIA HÍDRICA,PRESENCIAL,SISU
2023009557,2023,Itajuba,ENGENHARIA HÍDRICA,PRESENCIAL,SISU
2023009403,2023,Itajuba,ENGENHARIA HÍDRICA,PRESENCIAL,SISU
2023004659,2023,Itajuba,ENGENHARIA HÍDRICA,PRESENCIAL,SISU
2023008596,2023,Itajuba,ENGENHARIA HÍDRICA,PRESENCIAL,SISU
2023006958,2023,Itajuba,ENGENHARIA HÍDRICA,PRESENCIAL,SISU
2023012516,2023,Itajuba,ENGENHARIA HÍDRICA,PRESENCIAL,SISU
2023011804,2023,Itajuba,ENGENHARIA HÍDRICA,PRESENCIAL,SISU
2023006690,2023,Itajuba,ENGENHARIA HÍDRICA,PRESENCIAL,SISU
2023004695,2023,Itajuba,ENGENHARIA HÍDRICA,PRESENCIAL,SISU
2023004766,2023,Itajuba,ENGENHARIA HÍDRICA,PRESENCIAL,SISU
2023003722,2023,Itajuba,ENGENHARIA HÍDRICA,PRESENCIAL,SISU
2023007015,2023,Itajuba,ENGENHARIA HÍDRICA,PRESENCIAL,SISU
2023007178,2023,Itajuba,ENGENHARIA HÍDRICA,PRESENCIAL,SISU
2023008934,2023,Itajuba,ENGENHARIA HÍDRICA,PRESENCIAL,SISU
2023007202,2023,Itajuba,ENGENHARIA HÍDRICA,PRESENCIAL,SISU
2023002180,2023,Itajuba,ENGENHARIA HÍDRICA,PRESENCIAL,SISU
2023004434,2023,Itajuba,ENGENHARIA HÍDRICA,PRESENCIAL,SISU
2023008460,2023,Itajuba,ENGENHARIA HÍDRICA,PRESENCIAL,SISU
2023013380,2023,Itajuba,ENGENHARIA HÍDRICA,PRESENCIAL,SISU
2023012258,2023,Itajuba,ENGENHARIA HÍDRICA,PRESENCIAL,SISU
2023002510,2023,Itajuba,ENGENHARIA HÍDRICA,PRESENCIAL,SISU
2023004953,2023,Itajuba,ENGENHARIA HÍDRICA,PRESENCIAL,SISU
2023004739,2023,Itajuba,ENGENHARIA HÍDRICA,PRESENCIAL,SISU
2023008845,2023,Itajuba,ENGENHARIA HÍDRICA,PRESENCIAL,SISU
2023002725,2023,Itajuba,ENGENHARIA MECÂNICA,PRESENCIAL,SISU
2023003750,2023,Itajuba,ENGENHARIA MECÂNICA,PRESENCIAL,SISU
2023001325,2023,Itajuba,ENGENHARIA MECÂNICA,PRESENCIAL,SISU
2023003464,2023,Itajuba,ENGENHARIA MECÂNICA,PRESENCIAL,SISU
2023006564,2023,Itajuba,ENGENHARIA MECÂNICA,PRESENCIAL,SISU
2023001933,2023,Itajuba,ENGENHARIA MECÂNICA,PRESENCIAL,SISU
2023010235,2023,Itajuba,ENGENHARIA MECÂNICA,PRESENCIAL,SISU
2023005324,2023,Itajuba,ENGENHARIA MECÂNICA,PRESENCIAL,SISU
2023007187,2023,Itajuba,ENGENHARIA MECÂNICA,PRESENCIAL,SISU
2023008157,2023,Itajuba,ENGENHARIA MECÂNICA,PRESENCIAL,SISU
2023006573,2023,Itajuba,ENGENHARIA MECÂNICA,PRESENCIAL,SISU
2023006439,2023,Itajuba,ENGENHARIA MECÂNICA,PRESENCIAL,SISU
2023005656,2023,Itajuba,ENGENHARIA MECÂNICA,PRESENCIAL,SISU
2023003670,2023,Itajuba,ENGENHARIA MECÂNICA,PRESENCIAL,SISU
2023004069,2023,Itajuba,ENGENHARIA MECÂNICA,PRESENCIAL,SISU
2023006377,2023,Itajuba,ENGENHARIA MECÂNICA,PRESENCIAL,SISU
2023006798,2023,Itajuba,ENGENHARIA MECÂNICA,PRESENCIAL,SISU
2023006288,2023,Itajuba,ENGENHARIA MECÂNICA,PRESENCIAL,SISU
2023012196,2023,Itajuba,ENGENHARIA MECÂNICA,PRESENCIAL,SISU
2023006027,2023,Itajuba,ENGENHARIA MECÂNICA,PRESENCIAL,SISU
2023011920,2023,Itajuba,ENGENHARIA MECÂNICA,PRESENCIAL,SISU
2023008353,2023,Itajuba,ENGENHARIA MECÂNICA,PRESENCIAL,SISU
2023004748,2023,Itajuba,ENGENHARIA MECÂNICA,PRESENCIAL,SISU
2023005960,2023,Itajuba,ENGENHARIA MECÂNICA,PRESENCIAL,SISU
2023005843,2023,Itajuba,ENGENHARIA MECÂNICA,PRESENCIAL,SISU
2023008442,2023,Itajuba,ENGENHARIA MECÂNICA,PRESENCIAL,SISU
2023005683,2023,Itajuba,ENGENHARIA MECÂNICA,PRESENCIAL,SISU
2023013095,2023,Itajuba,ENGENHARIA MECÂNICA,PRESENCIAL,SISU
2023003160,2023,Itajuba,ENGENHARIA MECÂNICA,PRESENCIAL,SISU
2023005629,2023,Itajuba,ENGENHARIA MECÂNICA,PRESENCIAL,SISU
2023009459,2023,Itajuba,ENGENHARIA MECÂNICA,PRESENCIAL,SISU
2023002799,2023,Itajuba,ENGENHARIA MECÂNICA,PRESENCIAL,SISU
2023002823,2023,Itajuba,ENGENHARIA MECÂNICA,PRESENCIAL,SISU
2023002850,2023,Itajuba,ENGENHARIA MECÂNICA,PRESENCIAL,SISU
2023010370,2023,Itajuba,ENGENHARIA MECÂNICA,PRESENCIAL,SISU
2023005834,2023,Itajuba,ENGENHARIA MECÂNICA,PRESENCIAL,SISU
2023005807,2023,Itajuba,ENGENHARIA MECÂNICA,PRESENCIAL,SISU
2023013317,2023,Itajuba,ENGENHARIA MECÂNICA,PRESENCIAL,SISU
2023011250,2023,Itajuba,ENGENHARIA MECÂNICA,PRESENCIAL,SISU
2023002912,2023,Itajuba,ENGENHARIA MECÂNICA,PRESENCIAL,SISU
2023002761,2023,Itajuba,ENGENHARIA MECÂNICA,PRESENCIAL,SISU
2023002841,2023,Itajuba,ENGENHARIA MECÂNICA,PRESENCIAL,SISU
2023001432,2023,Itajuba,ENGENHARIA MECÂNICA,PRESENCIAL,SISU
2023013030,2023,Itajuba,ENGENHARIA MECÂNICA,PRESENCIAL,SISU
2023002636,2023,Itajuba,ENGENHARIA MECÂNICA,PRESENCIAL,SISU
2023008291,2023,Itajuba,ENGENHARIA MECÂNICA,PRESENCIAL,SISU
2023001227,2023,Itajuba,ENGENHARIA MECÂNICA,PRESENCIAL,SISU
2023013415,2023,Itajuba,ENGENHARIA MECÂNICA,PRESENCIAL,SISU
2023007220,2023,Itajuba,ENGENHARIA MECÂNICA,PRESENCIAL,SISU
2023009584,2023,Itajuba,ENGENHARIA MECÂNICA,PRESENCIAL,SISU
2023003061,2023,Itajuba,ENGENHARIA MECÂNICA,PRESENCIAL,SISU
2023006985,2023,Itajuba,ENGENHARIA MECÂNICA,PRESENCIAL,SISU
2023013282,2023,Itajuba,ENGENHARIA MECÂNICA,PRESENCIAL,SISU
2023003114,2023,Itajuba,ENGENHARIA MECÂNICA,PRESENCIAL,SISU
2023002780,2023,Itajuba,ENGENHARIA MECÂNICA,PRESENCIAL,SISU
2023003025,2023,Itajuba,ENGENHARIA MECÂNICA,PRESENCIAL,SISU
2023003132,2023,Itajuba,ENGENHARIA MECÂNICA,PRESENCIAL,SISU
2023012703,2023,Itajuba,ENGENHARIA MECÂNICA,PRESENCIAL,SISU
2023012472,2023,Itajuba,ENGENHARIA MECÂNICA,PRESENCIAL,SISU
2023005754,2023,Itajuba,ENGENHARIA MECÂNICA,PRESENCIAL,SISU
2023011930,2023,Itajuba,ENGENHARIA MECÂNICA,PRESENCIAL,SISU
2023008611,2023,Itajuba,ENGENHARIA MECÂNICA,PRESENCIAL,SISU
2023010469,2023,Itajuba,ENGENHARIA MECÂNICA,PRESENCIAL,SISU
2023009548,2023,Itajuba,ENGENHARIA MECÂNICA,PRESENCIAL,SISU
2023009726,2023,Itajuba,ENGENHARIA MECÂNICA,PRESENCIAL,SISU
2023012211,2023,Itajuba,ENGENHARIA MECÂNICA,PRESENCIAL,SISU
2023013344,2023,Itajuba,ENGENHARIA MECÂNICA,PRESENCIAL,SISU
2023012230,2023,Itajuba,ENGENHARIA MECÂNICA,PRESENCIAL,SISU
2023003099,2023,Itajuba,ENGENHARIA MECÂNICA,PRESENCIAL,SISU
2023008335,2023,Itajuba,ENGENHARIA MECÂNICA,PRESENCIAL,SISU
2023003348,2023,Itajuba,ENGENHARIA MECÂNICA,PRESENCIAL,SISU
2023003811,2023,Itajuba,ENGENHARIA MECÂNICA,PRESENCIAL,SISU
2023010511,2023,Itajuba,ENGENHARIA MECÂNICA,PRESENCIAL,SISU
2023001503,2023,Itajuba,ENGENHARIA MECÂNICA,PRESENCIAL,SISU
2023005718,2023,Itajuba,ENGENHARIA MECÂNICA,PRESENCIAL,SISU
2023013040,2023,Itajuba,ENGENHARIA MECÂNICA,PRESENCIAL,SISU
2023003535,2023,Itajuba,ENGENHARIA MECÂNICA,PRESENCIAL,SISU
2023007660,2023,Itajuba,ENGENHARIA MECÂNICA,PRESENCIAL,SISU
2023008362,2023,Itajuba,ENGENHARIA MECÂNICA,PRESENCIAL,SISU
2023009109,2023,Itajuba,ENGENHARIA MECÂNICA,PRESENCIAL,SISU
2023012928,2023,Itajuba,ENGENHARIA MECÂNICA,PRESENCIAL,SISU
2023009860,2023,Itajuba,ENGENHARIA MECÂNICA AERONÁUTICA,PRESENCIAL,SISU
2023012178,2023,Itajuba,ENGENHARIA MECÂNICA AERONÁUTICA,PRESENCIAL,SISU
2023011680,2023,Itajuba,ENGENHARIA MECÂNICA AERONÁUTICA,PRESENCIAL,SISU
2023012374,2023,Itajuba,ENGENHARIA MECÂNICA AERONÁUTICA,PRESENCIAL,SISU
2023012169,2023,Itajuba,ENGENHARIA MECÂNICA AERONÁUTICA,PRESENCIAL,SISU
2023009350,2023,Itajuba,ENGENHARIA MECÂNICA AERONÁUTICA,PRESENCIAL,SISU
2023005360,2023,Itajuba,ENGENHARIA MECÂNICA AERONÁUTICA,PRESENCIAL,SISU
2023009931,2023,Itajuba,ENGENHARIA MECÂNICA AERONÁUTICA,PRESENCIAL,SISU
2023008970,2023,Itajuba,ENGENHARIA MECÂNICA AERONÁUTICA,PRESENCIAL,SISU
2023013291,2023,Itajuba,ENGENHARIA MECÂNICA AERONÁUTICA,PRESENCIAL,SISU
2023013086,2023,Itajuba,ENGENHARIA MECÂNICA AERONÁUTICA,PRESENCIAL,SISU
2023010010,2023,Itajuba,ENGENHARIA MECÂNICA AERONÁUTICA,PRESENCIAL,SISU
2023001399,2023,Itajuba,ENGENHARIA MECÂNICA AERONÁUTICA,PRESENCIAL,SISU
2023006519,2023,Itajuba,ENGENHARIA MECÂNICA AERONÁUTICA,PRESENCIAL,SISU
2023006475,2023,Itajuba,ENGENHARIA MECÂNICA AERONÁUTICA,PRESENCIAL,SISU
2023012024,2023,Itajuba,ENGENHARIA MECÂNICA AERONÁUTICA,PRESENCIAL,SISU
2023010075,2023,Itajuba,ENGENHARIA MECÂNICA AERONÁUTICA,PRESENCIAL,SISU
2023009145,2023,Itajuba,ENGENHARIA MECÂNICA AERONÁUTICA,PRESENCIAL,SISU
2023012697,2023,Itajuba,ENGENHARIA MECÂNICA AERONÁUTICA,PRESENCIAL,SISU
2023010128,2023,Itajuba,ENGENHARIA MECÂNICA AERONÁUTICA,PRESENCIAL,SISU
2023001657,2023,Itajuba,ENGENHARIA MECÂNICA AERONÁUTICA,PRESENCIAL,SISU
2023009065,2023,Itajuba,ENGENHARIA MECÂNICA AERONÁUTICA,PRESENCIAL,SISU
2023005647,2023,Itajuba,ENGENHARIA MECÂNICA AERONÁUTICA,PRESENCIAL,SISU
2023012150,2023,Itajuba,ENGENHARIA MECÂNICA AERONÁUTICA,PRESENCIAL,SISU
2023005585,2023,Itajuba,ENGENHARIA MECÂNICA AERONÁUTICA,PRESENCIAL,SISU
2023001423,2023,Itajuba,ENGENHARIA QUÍMICA,PRESENCIAL,SISU
2023013308,2023,Itajuba,ENGENHARIA QUÍMICA,PRESENCIAL,SISU
2023003900,2023,Itajuba,ENGENHARIA QUÍMICA,PRESENCIAL,SISU
2023011949,2023,Itajuba,ENGENHARIA QUÍMICA,PRESENCIAL,SISU
2023011045,2023,Itajuba,ENGENHARIA QUÍMICA,PRESENCIAL,SISU
2023007169,2023,Itajuba,ENGENHARIA QUÍMICA,PRESENCIAL,SISU
2023004630,2023,Itajuba,ENGENHARIA QUÍMICA,PRESENCIAL,SISU
2023010173,2023,Itajuba,ENGENHARIA QUÍMICA,PRESENCIAL,SISU
2023004819,2023,Itajuba,ENGENHARIA QUÍMICA,PRESENCIAL,SISU
2023004935,2023,Itajuba,ENGENHARIA QUÍMICA,PRESENCIAL,SISU
2023013166,2023,Itajuba,ENGENHARIA QUÍMICA,PRESENCIAL,SISU
2023009172,2023,Itajuba,ENGENHARIA QUÍMICA,PRESENCIAL,SISU
2023012919,2023,Itajuba,ENGENHARIA QUÍMICA,PRESENCIAL,SISU
2023010253,2023,Itajuba,ENGENHARIA QUÍMICA,PRESENCIAL,SISU
2023005558,2023,Itajuba,ENGENHARIA QUÍMICA,PRESENCIAL,SISU
2023005511,2023,Itajuba,ENGENHARIA QUÍMICA,PRESENCIAL,SISU
2023011125,2023,Itajuba,ENGENHARIA QUÍMICA,PRESENCIAL,SISU
2023001746,2023,Itajuba,ENGENHARIA QUÍMICA,PRESENCIAL,SISU
2023002903,2023,Itajuba,ENGENHARIA QUÍMICA,PRESENCIAL,SISU
2023013077,2023,Itajuba,ENGENHARIA QUÍMICA,PRESENCIAL,SISU
2023011617,2023,Itajuba,ENGENHARIA QUÍMICA,PRESENCIAL,SISU
2023002930,2023,Itajuba,ENGENHARIA QUÍMICA,PRESENCIAL,SISU
2023005763,2023,Itajuba,ENGENHARIA QUÍMICA,PRESENCIAL,SISU
2023007409,2023,Itajuba,ENGENHARIA QUÍMICA,PRESENCIAL,SISU
2023007454,2023,Itajuba,ENGENHARIA QUÍMICA,PRESENCIAL,SISU
2023012202,2023,Itajuba,ENGENHARIA QUÍMICA,PRESENCIAL,SISU
2023008952,2023,Itajuba,ENGENHARIA QUÍMICA,PRESENCIAL,SISU
2023010736,2023,Itajuba,ENGENHARIA QUÍMICA,PRESENCIAL,SISU
2023008415,2023,Itajuba,ENGENHARIA QUÍMICA,PRESENCIAL,SISU
2023013059,2023,Itajuba,ENGENHARIA QUÍMICA,PRESENCIAL,SISU
2023007614,2023,Itajuba,FÍSICA BACHARELADO,PRESENCIAL,SISU
2023009388,2023,Itajuba,FÍSICA BACHARELADO,PRESENCIAL,SISU
2023010226,2023,Itajuba,FÍSICA BACHARELADO,PRESENCIAL,SISU
2023003885,2023,Itajuba,FÍSICA BACHARELADO,PRESENCIAL,SISU
2023002921,2023,Itajuba,FÍSICA BACHARELADO,PRESENCIAL,SISU
2023004452,2023,Itajuba,FÍSICA BACHARELADO,PRESENCIAL,SISU
2023004757,2023,Itajuba,FÍSICA BACHARELADO,PRESENCIAL,SISU
2023010182,2023,Itajuba,FÍSICA BACHARELADO,PRESENCIAL,SISU
2023009412,2023,Itajuba,FÍSICA BACHARELADO,PRESENCIAL,SISU
2023005413,2023,Itajuba,FÍSICA BACHARELADO,PRESENCIAL,SISU
2023004710,2023,Itajuba,FÍSICA BACHARELADO,PRESENCIAL,SISU
2023004800,2023,Itajuba,FÍSICA BACHARELADO,PRESENCIAL,SISU
2023012015,2023,Itajuba,FÍSICA BACHARELADO,PRESENCIAL,SISU
2023009127,2023,Itajuba,FÍSICA BACHARELADO,PRESENCIAL,SISU
2023009430,2023,Itajuba,FÍSICA BACHARELADO,PRESENCIAL,SISU
2023004864,2023,Itajuba,FÍSICA BACHARELADO,PRESENCIAL,SISU
2023006555,2023,Itajuba,FÍSICA BACHARELADO,PRESENCIAL,SISU
2023005478,2023,Itajuba,FÍSICA LICENCIATURA,PRESENCIAL,SISU
2023011009,2023,Itajuba,FÍSICA LICENCIATURA,PRESENCIAL,SISU
2023002986,2023,Itajuba,FÍSICA LICENCIATURA,PRESENCIAL,SISU
2023009190,2023,Itajuba,FÍSICA LICENCIATURA,PRESENCIAL,SISU
2023004318,2023,Itajuba,FÍSICA LICENCIATURA,PRESENCIAL,SISU
2023006653,2023,Itajuba,FÍSICA LICENCIATURA,PRESENCIAL,SISU
2023002681,2023,Itajuba,FÍSICA LICENCIATURA,PRESENCIAL,SISU
2023004882,2023,Itajuba,FÍSICA LICENCIATURA,PRESENCIAL,SISU
2023002734,2023,Itajuba,FÍSICA LICENCIATURA,PRESENCIAL,SISU
2023010290,2023,Itajuba,FÍSICA LICENCIATURA,PRESENCIAL,SISU
2023001405,2023,Itajuba,MATEMÁTICA BACHARELADO,PRESENCIAL,SISU
2023006297,2023,Itajuba,MATEMÁTICA BACHARELADO,PRESENCIAL,SISU
2023001085,2023,Itajuba,MATEMÁTICA BACHARELADO,PRESENCIAL,SISU
2023002888,2023,Itajuba,MATEMÁTICA BACHARELADO,PRESENCIAL,SISU
2023009440,2023,Itajuba,MATEMÁTICA BACHARELADO,PRESENCIAL,SISU
2023007712,2023,Itajuba,MATEMÁTICA BACHARELADO,PRESENCIAL,SISU
2023004550,2023,Itajuba,MATEMÁTICA BACHARELADO,PRESENCIAL,SISU
2023008827,2023,Itajuba,MATEMÁTICA BACHARELADO,PRESENCIAL,SISU
2023011760,2023,Itajuba,MATEMÁTICA BACHARELADO,PRESENCIAL,SISU
2023009501,2023,Itajuba,MATEMÁTICA BACHARELADO,PRESENCIAL,SISU
2023007810,2023,Itajuba,MATEMÁTICA BACHARELADO,PRESENCIAL,SISU
2023008504,2023,Itajuba,MATEMÁTICA BACHARELADO,PRESENCIAL,SISU
2023005692,2023,Itajuba,MATEMÁTICA BACHARELADO,PRESENCIAL,SISU
2023005039,2023,Itajuba,MATEMÁTICA BACHARELADO,PRESENCIAL,SISU
2023010807,2023,Itajuba,MATEMÁTICA BACHARELADO,PRESENCIAL,SISU
2023005567,2023,Itajuba,MATEMÁTICA BACHARELADO,PRESENCIAL,SISU
2023009000,2023,Itajuba,MATEMÁTICA BACHARELADO,PRESENCIAL,SISU
2023004532,2023,Itajuba,MATEMÁTICA LICENCIATURA,PRESENCIAL,SISU
2023004720,2023,Itajuba,MATEMÁTICA LICENCIATURA,PRESENCIAL,SISU
2023007230,2023,Itajuba,MATEMÁTICA LICENCIATURA,PRESENCIAL,SISU
2023006223,2023,Itajuba,MATEMÁTICA LICENCIATURA,PRESENCIAL,SISU
2023010600,2023,Itajuba,MATEMÁTICA LICENCIATURA,PRESENCIAL,SISU
2023007786,2023,Itajuba,MATEMÁTICA LICENCIATURA,PRESENCIAL,SISU
2023005520,2023,Itajuba,MATEMÁTICA LICENCIATURA,PRESENCIAL,SISU
2023007946,2023,Itajuba,MATEMÁTICA LICENCIATURA,PRESENCIAL,SISU
2023006009,2023,Itajuba,MATEMÁTICA LICENCIATURA,PRESENCIAL,SISU
2023007721,2023,Itajuba,MATEMÁTICA LICENCIATURA,PRESENCIAL,SISU
2023005923,2023,Itajuba,MATEMÁTICA LICENCIATURA,PRESENCIAL,SISU
2023004971,2023,Itajuba,MATEMÁTICA LICENCIATURA,PRESENCIAL,SISU
2023010530,2023,Itajuba,MATEMÁTICA LICENCIATURA,PRESENCIAL,SISU
2023005745,2023,Itajuba,MATEMÁTICA LICENCIATURA,PRESENCIAL,SISU
2023010709,2023,Itajuba,MATEMÁTICA LICENCIATURA,PRESENCIAL,SISU
2023011386,2023,Itajuba,MATEMÁTICA LICENCIATURA,PRESENCIAL,SISU
2023006134,2023,Itajuba,MATEMÁTICA LICENCIATURA,PRESENCIAL,SISU
2023008980,2023,Itajuba,MATEMÁTICA LICENCIATURA,PRESENCIAL,SISU
2023009940,2023,Itajuba,QUÍMICA BACHARELADO,PRESENCIAL,SISU
2023010674,2023,Itajuba,QUÍMICA BACHARELADO,PRESENCIAL,SISU
2023004926,2023,Itajuba,QUÍMICA BACHARELADO,PRESENCIAL,SISU
2023006161,2023,Itajuba,QUÍMICA BACHARELADO,PRESENCIAL,SISU
2023003179,2023,Itajuba,QUÍMICA BACHARELADO,PRESENCIAL,SISU
2023003070,2023,Itajuba,QUÍMICA BACHARELADO,PRESENCIAL,SISU
2023012463,2023,Itajuba,QUÍMICA BACHARELADO,PRESENCIAL,SISU
2023012310,2023,Itajuba,QUÍMICA BACHARELADO,PRESENCIAL,SISU
2023007857,2023,Itajuba,QUÍMICA BACHARELADO,PRESENCIAL,SISU
2023012650,2023,Itajuba,QUÍMICA BACHARELADO,PRESENCIAL,SISU
2023008077,2023,Itajuba,QUÍMICA BACHARELADO,PRESENCIAL,SISU
2023002897,2023,Itajuba,QUÍMICA BACHARELADO,PRESENCIAL,SISU
2023010450,2023,Itajuba,QUÍMICA BACHARELADO,PRESENCIAL,SISU
2023011090,2023,Itajuba,QUÍMICA BACHARELADO,PRESENCIAL,SISU
2023008344,2023,Itajuba,QUÍMICA BACHARELADO,PRESENCIAL,SISU
2023003007,2023,Itajuba,QUÍMICA BACHARELADO,PRESENCIAL,SISU
2023009181,2023,Itajuba,QUÍMICA BACHARELADO,PRESENCIAL,SISU
2023009842,2023,Itajuba,QUÍMICA BACHARELADO,PRESENCIAL,SISU
2023002190,2023,Itajuba,QUÍMICA BACHARELADO,PRESENCIAL,SISU
2023007955,2023,Itajuba,QUÍMICA BACHARELADO,PRESENCIAL,SISU
2023005084,2023,Itajuba,QUÍMICA BACHARELADO,PRESENCIAL,SISU
2023005899,2023,Itajuba,QUÍMICA BACHARELADO,PRESENCIAL,SISU
2023004416,2023,Itajuba,QUÍMICA LICENCIATURA,PRESENCIAL,SISU
2023009038,2023,Itajuba,QUÍMICA LICENCIATURA,PRESENCIAL,SISU
2023009520,2023,Itajuba,QUÍMICA LICENCIATURA,PRESENCIAL,SISU
2023008228,2023,Itajuba,QUÍMICA LICENCIATURA,PRESENCIAL,SISU
2023008649,2023,Itajuba,QUÍMICA LICENCIATURA,PRESENCIAL,SISU
2023003123,2023,Itajuba,QUÍMICA LICENCIATURA,PRESENCIAL,SISU
2023003992,2023,Itajuba,QUÍMICA LICENCIATURA,PRESENCIAL,SISU
2023002832,2023,Itajuba,QUÍMICA LICENCIATURA,PRESENCIAL,SISU
2023008809,2023,Itajuba,QUÍMICA LICENCIATURA,PRESENCIAL,SISU
2023008086,2023,Itajuba,QUÍMICA LICENCIATURA,PRESENCIAL,SISU
2023007131,2023,Itajuba,QUÍMICA LICENCIATURA,PRESENCIAL,SISU
2023005941,2023,Itajuba,QUÍMICA LICENCIATURA,PRESENCIAL,SISU
2023007928,2023,Itajuba,QUÍMICA LICENCIATURA,PRESENCIAL,SISU
2023008246,2023,Itajuba,QUÍMICA LICENCIATURA,PRESENCIAL,SISU
2023008184,2023,Itajuba,QUÍMICA LICENCIATURA,PRESENCIAL,SISU
2023011368,2023,Itajuba,QUÍMICA LICENCIATURA,PRESENCIAL,SISU
2023010825,2023,Itajuba,QUÍMICA LICENCIATURA,PRESENCIAL,SISU
2023009299,2023,Itajuba,QUÍMICA LICENCIATURA,PRESENCIAL,SISU
2023004621,2023,Itajuba,QUÍMICA LICENCIATURA,PRESENCIAL,SISU
2023008818,2023,Itajuba,QUÍMICA LICENCIATURA,PRESENCIAL,SISU
2023005290,2023,Itajuba,Sistemas de Informacao,PRESENCIAL,SISU
2023009323,2023,Itajuba,Sistemas de Informacao,PRESENCIAL,SISU
2023013550,2023,Itajuba,Sistemas de Informacao,PRESENCIAL,SISU
2023001020,2023,Itajuba,Sistemas de Informacao,PRESENCIAL,SISU
2023004523,2023,Itajuba,Sistemas de Informacao,PRESENCIAL,SISU
2023007113,2023,Itajuba,Sistemas de Informacao,PRESENCIAL,SISU
2023003929,2023,Itajuba,Sistemas de Informacao,PRESENCIAL,SISU
2023008095,2023,Itajuba,Sistemas de Informacao,PRESENCIAL,SISU
2023008602,2023,Itajuba,Sistemas de Informacao,PRESENCIAL,SISU
2023005496,2023,Itajuba,Sistemas de Informacao,PRESENCIAL,SISU
2023005164,2023,Itajuba,Sistemas de Informacao,PRESENCIAL,SISU
2023010306,2023,Itajuba,Sistemas de Informacao,PRESENCIAL,SISU
2023008101,2023,Itajuba,Sistemas de Informacao,PRESENCIAL,SISU
2023005736,2023,Itajuba,Sistemas de Informacao,PRESENCIAL,SISU
2023007089,2023,Itajuba,Sistemas de Informacao,PRESENCIAL,SISU
2023005594,2023,Itajuba,Sistemas de Informacao,PRESENCIAL,SISU
2023006887,2023,Itajuba,Sistemas de Informacao,PRESENCIAL,SISU
2023005010,2023,Itajuba,Sistemas de Informacao,PRESENCIAL,SISU
2023008110,2023,Itajuba,Sistemas de Informacao,PRESENCIAL,SISU
2023004855,2023,Itajuba,Sistemas de Informacao,PRESENCIAL,SISU
2023011902,2023,Itajuba,Sistemas de Informacao,PRESENCIAL,SISU
2023010404,2023,Itajuba,Sistemas de Informacao,PRESENCIAL,SISU
2023004775,2023,Itajuba,Sistemas de Informacao,PRESENCIAL,SISU
2023001577,2023,Itajuba,Sistemas de Informacao,PRESENCIAL,SISU
2023008694,2023,Itajuba,Sistemas de Informacao,PRESENCIAL,SISU
2023009397,2023,Itajuba,Sistemas de Informacao,PRESENCIAL,SISU
2023013460,2023,Itajuba,Sistemas de Informacao,PRESENCIAL,SISU
2023012893,2023,Itajuba,Sistemas de Informacao,PRESENCIAL,SISU
2023011985,2023,Itajuba,Sistemas de Informacao,PRESENCIAL,SISU
2023006878,2023,Itajuba,Sistemas de Informacao,PRESENCIAL,SISU
2023006831,2023,Itajuba,Sistemas de Informacao,PRESENCIAL,SISU
2023008139,2023,Itajuba,Sistemas de Informacao,PRESENCIAL,SISU
2023008792,2023,Itajuba,Sistemas de Informacao,PRESENCIAL,SISU
2023005075,2023,Itajuba,Sistemas de Informacao,PRESENCIAL,SISU
2023006303,2023,Itajuba,Sistemas de Informacao,PRESENCIAL,SISU
2023006359,2023,Itajuba,Sistemas de Informacao,PRESENCIAL,SISU
2023003517,2023,Itajuba,Sistemas de Informacao,PRESENCIAL,SISU
2023006401,2023,Itajuba,Sistemas de Informacao,PRESENCIAL,SISU
2023006500,2023,Itajuba,Sistemas de Informacao,PRESENCIAL,SISU
2023006537,2023,Itajuba,Sistemas de Informacao,PRESENCIAL,SISU
2023010066,2023,Itajuba,Sistemas de Informacao,PRESENCIAL,SISU
2023007893,2023,Itajuba,Sistemas de Informacao,PRESENCIAL,SISU
2023013569,2023,Itajuba,Sistemas de Informacao,PRESENCIAL,SISU
2023004480,2023,Itajuba,Sistemas de Informacao,PRESENCIAL,SISU
2023005137,2023,Itajuba,Sistemas de Informacao,PRESENCIAL,SISU
2023005057,2023,Itajuba,Sistemas de Informacao,PRESENCIAL,SISU
2023008783,2023,Itajuba,Sistemas de Informacao,PRESENCIAL,SISU
2023008237,2023,Itajuba,Sistemas de Informacao,PRESENCIAL,SISU
2023000041,2023,Itajuba,ENGENHARIA CIVIL,PRESENCIAL,PORTADOR DE DIPLOMA 
2023000767,2023,Itajuba,ENGENHARIA DE BIOPROCESSOS,PRESENCIAL,PORTADOR DE DIPLOMA 
2023000785,2023,Itajuba,ENGENHARIA DE MATERIAIS,PRESENCIAL,PORTADOR DE DIPLOMA 
2023000794,2023,Itajuba,ENGENHARIA MECÂNICA AERONÁUTICA,PRESENCIAL,PORTADOR DE DIPLOMA 
2023000417,2023,Itajuba,FÍSICA LICENCIATURA,PRESENCIAL,PORTADOR DE DIPLOMA 
2023000560,2023,Itajuba,MATEMÁTICA LICENCIATURA,PRESENCIAL,PORTADOR DE DIPLOMA 
2023000622,2023,Itajuba,MATEMÁTICA LICENCIATURA,PRESENCIAL,PORTADOR DE DIPLOMA 
2023000435,2023,Itajuba,MATEMÁTICA LICENCIATURA,PRESENCIAL,PORTADOR DE DIPLOMA 
2023000604,2023,Itajuba,MATEMÁTICA LICENCIATURA,PRESENCIAL,PORTADOR DE DIPLOMA 
2023000490,2023,Itajuba,Ciencias da Computacao,PRESENCIAL,TRANSFERÊNCIA EXTERNA
2023000909,2023,Itajuba,Ciencias da Computacao,PRESENCIAL,TRANSFERÊNCIA EXTERNA
2023000678,2023,Itajuba,Ciencias da Computacao,PRESENCIAL,TRANSFERÊNCIA EXTERNA
2023000079,2023,Itajuba,ENGENHARIA AMBIENTAL,PRESENCIAL,TRANSFERÊNCIA EXTERNA
2023000103,2023,Itajuba,ENGENHARIA CIVIL,PRESENCIAL,TRANSFERÊNCIA EXTERNA
2023000130,2023,Itajuba,ENGENHARIA CIVIL,PRESENCIAL,TRANSFERÊNCIA EXTERNA
2023000838,2023,Itajuba,ENGENHARIA CIVIL,PRESENCIAL,TRANSFERÊNCIA EXTERNA
2023000159,2023,Itajuba,ENGENHARIA DE CONTROLE E AUTOMAÇÃO,PRESENCIAL,TRANSFERÊNCIA EXTERNA
2023000696,2023,Itajuba,ENGENHARIA DE CONTROLE E AUTOMAÇÃO,PRESENCIAL,TRANSFERÊNCIA EXTERNA
2023000720,2023,Itajuba,ENGENHARIA DE ENERGIA,PRESENCIAL,TRANSFERÊNCIA EXTERNA
2023000730,2023,Itajuba,ENGENHARIA ELÉTRICA,PRESENCIAL,TRANSFERÊNCIA EXTERNA
2023000210,2023,Itajuba,ENGENHARIA HÍDRICA,PRESENCIAL,TRANSFERÊNCIA EXTERNA
2023000195,2023,Itajuba,ENGENHARIA HÍDRICA,PRESENCIAL,TRANSFERÊNCIA EXTERNA
2023000248,2023,Itajuba,ENGENHARIA MECÂNICA,PRESENCIAL,TRANSFERÊNCIA EXTERNA
2023000355,2023,Itajuba,ENGENHARIA MECÂNICA,PRESENCIAL,TRANSFERÊNCIA EXTERNA
2023000337,2023,Itajuba,ENGENHARIA MECÂNICA,PRESENCIAL,TRANSFERÊNCIA EXTERNA
2023000239,2023,Itajuba,ENGENHARIA MECÂNICA,PRESENCIAL,TRANSFERÊNCIA EXTERNA
2023000300,2023,Itajuba,ENGENHARIA MECÂNICA,PRESENCIAL,TRANSFERÊNCIA EXTERNA
2023000319,2023,Itajuba,ENGENHARIA MECÂNICA,PRESENCIAL,TRANSFERÊNCIA EXTERNA
2023000373,2023,Itajuba,ENGENHARIA QUÍMICA,PRESENCIAL,TRANSFERÊNCIA EXTERNA
2023000524,2023,Itajuba,ENGENHARIA QUÍMICA,PRESENCIAL,TRANSFERÊNCIA EXTERNA
2023000669,2023,Itajuba,MATEMÁTICA LICENCIATURA,PRESENCIAL,TRANSFERÊNCIA EXTERNA
2023000856,2023,Itajuba,ADMINISTRAÇÃO,PRESENCIAL,TRANSFERENCIA INTERNA
2023000874,2023,Itajuba,ADMINISTRAÇÃO,PRESENCIAL,TRANSFERENCIA INTERNA
2023000800,2023,Itajuba,ADMINISTRAÇÃO,PRESENCIAL,TRANSFERENCIA INTERNA
2023000883,2023,Itajuba,ADMINISTRAÇÃO,PRESENCIAL,TRANSFERENCIA INTERNA
2023000140,2023,Itajuba,ADMINISTRAÇÃO,PRESENCIAL,TRANSFERENCIA INTERNA
2023000865,2023,Itajuba,ADMINISTRAÇÃO,PRESENCIAL,TRANSFERENCIA INTERNA
2023000892,2023,Itajuba,Ciencias da Computacao,PRESENCIAL,TRANSFERENCIA INTERNA
2023000650,2023,Itajuba,Ciencias da Computacao,PRESENCIAL,TRANSFERENCIA INTERNA
2023000121,2023,Itajuba,Ciencias da Computacao,PRESENCIAL,TRANSFERENCIA INTERNA
2023000749,2023,Itajuba,Ciencias da Computacao,PRESENCIAL,TRANSFERENCIA INTERNA
2023000462,2023,Itajuba,ENGENHARIA CIVIL,PRESENCIAL,TRANSFERENCIA INTERNA
2023000506,2023,Itajuba,ENGENHARIA CIVIL,PRESENCIAL,TRANSFERENCIA INTERNA
2023000088,2023,Itajuba,ENGENHARIA DE CONTROLE E AUTOMAÇÃO,PRESENCIAL,TRANSFERENCIA INTERNA
2023000426,2023,Itajuba,ENGENHARIA DE CONTROLE E AUTOMAÇÃO,PRESENCIAL,TRANSFERENCIA INTERNA
2023000275,2023,Itajuba,ENGENHARIA DE CONTROLE E AUTOMAÇÃO,PRESENCIAL,TRANSFERENCIA INTERNA
2023000829,2023,Itajuba,ENGENHARIA DE CONTROLE E AUTOMAÇÃO,PRESENCIAL,TRANSFERENCIA INTERNA
2023000515,2023,Itajuba,ENGENHARIA DE PRODUÇÃO,PRESENCIAL,TRANSFERENCIA INTERNA
2023000364,2023,Itajuba,ENGENHARIA DE PRODUÇÃO,PRESENCIAL,TRANSFERENCIA INTERNA
2023000186,2023,Itajuba,ENGENHARIA DE PRODUÇÃO,PRESENCIAL,TRANSFERENCIA INTERNA
2023000847,2023,Itajuba,ENGENHARIA DE PRODUÇÃO,PRESENCIAL,TRANSFERENCIA INTERNA
2023000328,2023,Itajuba,ENGENHARIA DE PRODUÇÃO,PRESENCIAL,TRANSFERENCIA INTERNA
2023000542,2023,Itajuba,ENGENHARIA DE PRODUÇÃO,PRESENCIAL,TRANSFERENCIA INTERNA
2023000346,2023,Itajuba,ENGENHARIA ELÉTRICA,PRESENCIAL,TRANSFERENCIA INTERNA
2023000284,2023,Itajuba,ENGENHARIA ELÉTRICA,PRESENCIAL,TRANSFERENCIA INTERNA
2023000551,2023,Itajuba,ENGENHARIA ELÉTRICA,PRESENCIAL,TRANSFERENCIA INTERNA
2023000589,2023,Itajuba,ENGENHARIA ELÉTRICA,PRESENCIAL,TRANSFERENCIA INTERNA
2023000257,2023,Itajuba,ENGENHARIA ELÉTRICA,PRESENCIAL,TRANSFERENCIA INTERNA
2023000382,2023,Itajuba,ENGENHARIA ELÉTRICA,PRESENCIAL,TRANSFERENCIA INTERNA
2023000471,2023,Itajuba,ENGENHARIA ELÉTRICA,PRESENCIAL,TRANSFERENCIA INTERNA
2023000810,2023,Itajuba,ENGENHARIA ELÉTRICA,PRESENCIAL,TRANSFERENCIA INTERNA
2023000293,2023,Itajuba,ENGENHARIA HÍDRICA,PRESENCIAL,TRANSFERENCIA INTERNA
2023000050,2023,Itajuba,ENGENHARIA MECÂNICA,PRESENCIAL,TRANSFERENCIA INTERNA
2023000453,2023,Itajuba,ENGENHARIA MECÂNICA,PRESENCIAL,TRANSFERENCIA INTERNA
2023000408,2023,Itajuba,ENGENHARIA MECÂNICA,PRESENCIAL,TRANSFERENCIA INTERNA
2023000598,2023,Itajuba,ENGENHARIA MECÂNICA,PRESENCIAL,TRANSFERENCIA INTERNA
2023000570,2023,Itajuba,ENGENHARIA MECÂNICA,PRESENCIAL,TRANSFERENCIA INTERNA
2023000758,2023,Itajuba,ENGENHARIA MECÂNICA,PRESENCIAL,TRANSFERENCIA INTERNA
2023000533,2023,Itajuba,ENGENHARIA MECÂNICA,PRESENCIAL,TRANSFERENCIA INTERNA
2023000014,2023,Itajuba,ENGENHARIA MECÂNICA,PRESENCIAL,TRANSFERENCIA INTERNA
2023000168,2023,Itajuba,ENGENHARIA MECÂNICA,PRESENCIAL,TRANSFERENCIA INTERNA
2023000631,2023,Itajuba,ENGENHARIA MECÂNICA,PRESENCIAL,TRANSFERENCIA INTERNA
2023000266,2023,Itajuba,ENGENHARIA MECÂNICA AERONÁUTICA,PRESENCIAL,TRANSFERENCIA INTERNA
2023000640,2023,Itajuba,ENGENHARIA MECÂNICA AERONÁUTICA,PRESENCIAL,TRANSFERENCIA INTERNA
2023000613,2023,Itajuba,ENGENHARIA QUÍMICA,PRESENCIAL,TRANSFERENCIA INTERNA
2023000023,2023,Itajuba,MATEMÁTICA BACHARELADO,PRESENCIAL,TRANSFERENCIA INTERNA
2023000776,2023,Itajuba,QUÍMICA BACHARELADO,PRESENCIAL,TRANSFERENCIA INTERNA
2023000687,2023,Itajuba,QUÍMICA BACHARELADO,PRESENCIAL,TRANSFERENCIA INTERNA
2023000927,2023,Itajuba,QUÍMICA LICENCIATURA,PRESENCIAL,TRANSFERENCIA INTERNA
2023001002,2023,Itajuba,Ciencias da Computacao,PRESENCIAL,VAGAS OLÍMPICAS
2023000945,2023,Itajuba,Ciencias da Computacao,PRESENCIAL,VAGAS OLÍMPICAS
2023000972,2023,Itajuba,Ciencias da Computacao,PRESENCIAL,VAGAS OLÍMPICAS
2023009350,2023,Itajuba,ENGENHARIA AMBIENTAL,PRESENCIAL,VAGAS OLÍMPICAS
2023000990,2023,Itajuba,ENGENHARIA CIVIL,PRESENCIAL,VAGAS OLÍMPICAS
2023000981,2023,Itajuba,ENGENHARIA CIVIL,PRESENCIAL,VAGAS OLÍMPICAS
2023001764,2023,Itajuba,ENGENHARIA DE COMPUTAÇÃO,PRESENCIAL,VAGAS OLÍMPICAS
2023000954,2023,Itajuba,ENGENHARIA DE CONTROLE E AUTOMAÇÃO,PRESENCIAL,VAGAS OLÍMPICAS
2023000963,2023,Itajuba,ENGENHARIA DE PRODUÇÃO,PRESENCIAL,VAGAS OLÍMPICAS
2023011840,2023,ITABIRA,ENGENHARIA AMBIENTAL,PRESENCIAL,SISU
2023011420,2023,ITABIRA,ENGENHARIA ELÉTRICA,PRESENCIAL,SISU
2023001281,2023,ITABIRA,ENGENHARIA DA MOBILIDADE,PRESENCIAL,SISU
2023002500,2023,ITABIRA,ENGENHARIA DE SAÚDE E SEGURANÇA,PRESENCIAL,SISU
2023007051,2023,ITABIRA,ENGENHARIA DE SAÚDE E SEGURANÇA,PRESENCIAL,SISU
2023003787,2023,ITABIRA,ENGENHARIA DE CONTROLE E AUTOMAÇÃO,PRESENCIAL,SISU
2023002959,2023,ITABIRA,ENGENHARIA AMBIENTAL,PRESENCIAL,SISU
2023002592,2023,ITABIRA,ENGENHARIA DA MOBILIDADE,PRESENCIAL,SISU
2023010119,2023,ITABIRA,ENGENHARIA DE SAÚDE E SEGURANÇA,PRESENCIAL,SISU
2023007392,2023,ITABIRA,ENGENHARIA AMBIENTAL,PRESENCIAL,SISU
2023007552,2023,ITABIRA,ENGENHARIA DE SAÚDE E SEGURANÇA,PRESENCIAL,SISU
2023000060,2023,ITABIRA,ENGENHARIA DE COMPUTAÇÃO,PRESENCIAL,TRANSFERENCIA INTERNA
2023004327,2023,ITABIRA,ENGENHARIA DE COMPUTAÇÃO,PRESENCIAL,SISU
2023005208,2023,ITABIRA,ENGENHARIA DE PRODUÇÃO,PRESENCIAL,SISU
2023011850,2023,ITABIRA,ENGENHARIA AMBIENTAL,PRESENCIAL,SISU
2023001441,2023,ITABIRA,ENGENHARIA ELÉTRICA,PRESENCIAL,SISU
2023003849,2023,ITABIRA,ENGENHARIA DA MOBILIDADE,PRESENCIAL,SISU
2023006528,2023,ITABIRA,ENGENHARIA DE MATERIAIS,PRESENCIAL,SISU
2023004283,2023,ITABIRA,ENGENHARIA DE MATERIAIS,PRESENCIAL,SISU
2023000444,2023,ITABIRA,ENGENHARIA ELÉTRICA,PRESENCIAL,PORTADOR DE DIPLOMA
2023012632,2023,ITABIRA,ENGENHARIA DE COMPUTAÇÃO,PRESENCIAL,SISU
2023005146,2023,ITABIRA,ENGENHARIA DA MOBILIDADE,PRESENCIAL,SISU
2023010413,2023,ITABIRA,ENGENHARIA MECÂNICA,PRESENCIAL,SISU
2023006410,2023,ITABIRA,ENGENHARIA DE CONTROLE E AUTOMAÇÃO,PRESENCIAL,SISU
2023000391,2023,ITABIRA,ENGENHARIA ELÉTRICA,PRESENCIAL,TRANSFERENCIA EXTERNA
2023012454,2023,ITABIRA,ENGENHARIA DE COMPUTAÇÃO,PRESENCIAL,SISU
2023011170,2023,ITABIRA,ENGENHARIA DA MOBILIDADE,PRESENCIAL,SISU
2023002618,2023,ITABIRA,ENGENHARIA DE COMPUTAÇÃO,PRESENCIAL,SISU
2023013390,2023,ITABIRA,ENGENHARIA DE COMPUTAÇÃO,PRESENCIAL,SISU
2023003221,2023,ITABIRA,ENGENHARIA MECÂNICA,PRESENCIAL,SISU
2023005727,2023,ITABIRA,ENGENHARIA DE CONTROLE E AUTOMAÇÃO,PRESENCIAL,SISU
2023012614,2023,ITABIRA,ENGENHARIA DE PRODUÇÃO,PRESENCIAL,SISU
2023010997,2023,ITABIRA,ENGENHARIA MECÂNICA,PRESENCIAL,SISU
2023009889,2023,ITABIRA,ENGENHARIA AMBIENTAL,PRESENCIAL,SISU
2023007445,2023,ITABIRA,ENGENHARIA DE CONTROLE E AUTOMAÇÃO,PRESENCIAL,SISU
2023006036,2023,ITABIRA,ENGENHARIA AMBIENTAL,PRESENCIAL,SISU
2023003491,2023,ITABIRA,ENGENHARIA MECÂNICA,PRESENCIAL,SISU
2023005576,2023,ITABIRA,ENGENHARIA DE COMPUTAÇÃO,PRESENCIAL,SISU
2023006582,2023,ITABIRA,ENGENHARIA ELÉTRICA,PRESENCIAL,SISU
2023000177,2023,ITABIRA,ENGENHARIA DE COMPUTAÇÃO,PRESENCIAL,PORTADOR DE DIPLOMA
2023002224,2023,ITABIRA,ENGENHARIA DE COMPUTAÇÃO,PRESENCIAL,SISU
2023010333,2023,ITABIRA,ENGENHARIA DE CONTROLE E AUTOMAÇÃO,PRESENCIAL,SISU
2023004158,2023,ITABIRA,ENGENHARIA DA MOBILIDADE,PRESENCIAL,SISU
2023004229,2023,ITABIRA,ENGENHARIA DE PRODUÇÃO,PRESENCIAL,SISU
2023006751,2023,ITABIRA,ENGENHARIA MECÂNICA,PRESENCIAL,SISU
2023006608,2023,ITABIRA,ENGENHARIA ELÉTRICA,PRESENCIAL,SISU
2023004828,2023,ITABIRA,ENGENHARIA MECÂNICA,PRESENCIAL,SISU
2023007703,2023,ITABIRA,ENGENHARIA MECÂNICA,PRESENCIAL,SISU
2023005217,2023,ITABIRA,ENGENHARIA DE PRODUÇÃO,PRESENCIAL,SISU
2023001989,2023,ITABIRA,ENGENHARIA AMBIENTAL,PRESENCIAL,SISU
2023004686,2023,ITABIRA,ENGENHARIA ELÉTRICA,PRESENCIAL,SISU
2023009904,2023,ITABIRA,ENGENHARIA DE PRODUÇÃO,PRESENCIAL,SISU
2023011036,2023,ITABIRA,ENGENHARIA AMBIENTAL,PRESENCIAL,SISU
2023012507,2023,ITABIRA,ENGENHARIA DE COMPUTAÇÃO,PRESENCIAL,SISU
2023003867,2023,ITABIRA,ENGENHARIA DE CONTROLE E AUTOMAÇÃO,PRESENCIAL,SISU
2023010048,2023,ITABIRA,ENGENHARIA DE PRODUÇÃO,PRESENCIAL,SISU
2023010039,2023,ITABIRA,ENGENHARIA DE COMPUTAÇÃO,PRESENCIAL,SISU
2023007436,2023,ITABIRA,ENGENHARIA DE MATERIAIS,PRESENCIAL,SISU
2023012884,2023,ITABIRA,ENGENHARIA DE COMPUTAÇÃO,PRESENCIAL,SISU
2023007104,2023,ITABIRA,ENGENHARIA DA MOBILIDADE,PRESENCIAL,SISU
2023013110,2023,ITABIRA,ENGENHARIA DE COMPUTAÇÃO,PRESENCIAL,SISU
2023004837,2023,ITABIRA,ENGENHARIA DE COMPUTAÇÃO,PRESENCIAL,SISU
2023002396,2023,ITABIRA,ENGENHARIA DA MOBILIDADE,PRESENCIAL,SISU
2023006170,2023,ITABIRA,ENGENHARIA DE COMPUTAÇÃO,PRESENCIAL,SISU
2023006789,2023,ITABIRA,ENGENHARIA MECÂNICA,PRESENCIAL,SISU
2023009978,2023,ITABIRA,ENGENHARIA DE COMPUTAÇÃO,PRESENCIAL,SISU
2023012140,2023,ITABIRA,ENGENHARIA DE SAÚDE E SEGURANÇA,PRESENCIAL,SISU
2023006205,2023,ITABIRA,ENGENHARIA DE COMPUTAÇÃO,PRESENCIAL,SISU
2023008390,2023,ITABIRA,ENGENHARIA ELÉTRICA,PRESENCIAL,SISU
2023000480,2023,ITABIRA,ENGENHARIA DE PRODUÇÃO,PRESENCIAL,TRANSFERENCIA INTERNA
2023002153,2023,ITABIRA,ENGENHARIA DE COMPUTAÇÃO,PRESENCIAL,SISU
2023001728,2023,ITABIRA,ENGENHARIA MECÂNICA,PRESENCIAL,SISU
2023001862,2023,ITABIRA,ENGENHARIA DE SAÚDE E SEGURANÇA,PRESENCIAL,SISU
2023001773,2023,ITABIRA,ENGENHARIA AMBIENTAL,PRESENCIAL,SISU
2023003830,2023,ITABIRA,ENGENHARIA DE CONTROLE E AUTOMAÇÃO,PRESENCIAL,SISU
2023009468,2023,ITABIRA,ENGENHARIA DE PRODUÇÃO,PRESENCIAL,SISU
2023006626,2023,ITABIRA,ENGENHARIA ELÉTRICA,PRESENCIAL,SISU
2023005048,2023,ITABIRA,ENGENHARIA DE COMPUTAÇÃO,PRESENCIAL,SISU
2023008658,2023,ITABIRA,ENGENHARIA DE CONTROLE E AUTOMAÇÃO,PRESENCIAL,SISU
2023002743,2023,ITABIRA,ENGENHARIA DE MATERIAIS,PRESENCIAL,SISU
2023010137,2023,ITABIRA,ENGENHARIA DE PRODUÇÃO,PRESENCIAL,SISU
2023002627,2023,ITABIRA,ENGENHARIA DE MATERIAIS,PRESENCIAL,SISU
2023005852,2023,ITABIRA,ENGENHARIA ELÉTRICA,PRESENCIAL,SISU
2023011887,2023,ITABIRA,ENGENHARIA AMBIENTAL,PRESENCIAL,SISU
2023003615,2023,ITABIRA,ENGENHARIA AMBIENTAL,PRESENCIAL,SISU
2023005914,2023,ITABIRA,ENGENHARIA ELÉTRICA,PRESENCIAL,SISU
2023002162,2023,ITABIRA,ENGENHARIA DE COMPUTAÇÃO,PRESENCIAL,SISU
2023006199,2023,ITABIRA,ENGENHARIA DA MOBILIDADE,PRESENCIAL,SISU
2023006840,2023,ITABIRA,ENGENHARIA DE CONTROLE E AUTOMAÇÃO,PRESENCIAL,SISU
2023004873,2023,ITABIRA,ENGENHARIA DE COMPUTAÇÃO,PRESENCIAL,SISU
2023001791,2023,ITABIRA,ENGENHARIA AMBIENTAL,PRESENCIAL,SISU
2023008326,2023,ITABIRA,ENGENHARIA DE MATERIAIS,PRESENCIAL,SISU
2023007570,2023,ITABIRA,ENGENHARIA MECÂNICA,PRESENCIAL,SISU
2023009056,2023,ITABIRA,ENGENHARIA MECÂNICA,PRESENCIAL,SISU
2023013175,2023,ITABIRA,ENGENHARIA DE COMPUTAÇÃO,PRESENCIAL,SISU
2023005932,2023,ITABIRA,ENGENHARIA ELÉTRICA,PRESENCIAL,SISU
2023012599,2023,ITABIRA,ENGENHARIA MECÂNICA,PRESENCIAL,SISU
2023011715,2023,ITABIRA,ENGENHARIA DE SAÚDE E SEGURANÇA,PRESENCIAL,SISU
2023007418,2023,ITABIRA,ENGENHARIA DE CONTROLE E AUTOMAÇÃO,PRESENCIAL,SISU
2023004210,2023,ITABIRA,ENGENHARIA DE CONTROLE E AUTOMAÇÃO,PRESENCIAL,SISU
2023009870,2023,ITABIRA,ENGENHARIA DE COMPUTAÇÃO,PRESENCIAL,SISU
2023006232,2023,ITABIRA,ENGENHARIA DE PRODUÇÃO,PRESENCIAL,SISU
2023012249,2023,ITABIRA,ENGENHARIA DE COMPUTAÇÃO,PRESENCIAL,SISU
2023007472,2023,ITABIRA,ENGENHARIA DE MATERIAIS,PRESENCIAL,SISU
2023009486,2023,ITABIRA,ENGENHARIA DE SAÚDE E SEGURANÇA,PRESENCIAL,SISU
2023002609,2023,ITABIRA,ENGENHARIA DE SAÚDE E SEGURANÇA,PRESENCIAL,SISU
2023011671,2023,ITABIRA,ENGENHARIA DE SAÚDE E SEGURANÇA,PRESENCIAL,SISU
2023010520,2023,ITABIRA,ENGENHARIA ELÉTRICA,PRESENCIAL,SISU
2023003277,2023,ITABIRA,ENGENHARIA DE COMPUTAÇÃO,PRESENCIAL,SISU
2023004363,2023,ITABIRA,ENGENHARIA DE CONTROLE E AUTOMAÇÃO,PRESENCIAL,SISU
2023004541,2023,ITABIRA,ENGENHARIA DE MATERIAIS,PRESENCIAL,SISU
2023001334,2023,ITABIRA,ENGENHARIA ELÉTRICA,PRESENCIAL,SISU
2023008219,2023,ITABIRA,ENGENHARIA DE PRODUÇÃO,PRESENCIAL,SISU
2023002313,2023,ITABIRA,ENGENHARIA DE COMPUTAÇÃO,PRESENCIAL,SISU
2023004917,2023,ITABIRA,ENGENHARIA DE MATERIAIS,PRESENCIAL,SISU
2023010478,2023,ITABIRA,ENGENHARIA MECÂNICA,PRESENCIAL,SISU
2023003295,2023,ITABIRA,ENGENHARIA ELÉTRICA,PRESENCIAL,SISU
2023001100,2023,ITABIRA,ENGENHARIA AMBIENTAL,PRESENCIAL,SISU
2023006644,2023,ITABIRA,ENGENHARIA ELÉTRICA,PRESENCIAL,SISU
2023003562,2023,ITABIRA,ENGENHARIA MECÂNICA,PRESENCIAL,SISU
2023010576,2023,ITABIRA,ENGENHARIA ELÉTRICA,PRESENCIAL,SISU
2023004390,2023,ITABIRA,ENGENHARIA DE CONTROLE E AUTOMAÇÃO,PRESENCIAL,SISU
2023004612,2023,ITABIRA,ENGENHARIA ELÉTRICA,PRESENCIAL,SISU
2023002046,2023,ITABIRA,ENGENHARIA AMBIENTAL,PRESENCIAL,SISU
2023007490,2023,ITABIRA,ENGENHARIA DE MATERIAIS,PRESENCIAL,SISU
2023003624,2023,ITABIRA,ENGENHARIA DE COMPUTAÇÃO,PRESENCIAL,SISU
2023011519,2023,ITABIRA,ENGENHARIA ELÉTRICA,PRESENCIAL,SISU
2023008200,2023,ITABIRA,ENGENHARIA MECÂNICA,PRESENCIAL,SISU
2023004944,2023,ITABIRA,ENGENHARIA DE COMPUTAÇÃO,PRESENCIAL,SISU
2023004256,2023,ITABIRA,ENGENHARIA MECÂNICA,PRESENCIAL,SISU
2023001675,2023,ITABIRA,ENGENHARIA DA MOBILIDADE,PRESENCIAL,SISU
2023006680,2023,ITABIRA,ENGENHARIA ELÉTRICA,PRESENCIAL,SISU
2023006072,2023,ITABIRA,ENGENHARIA AMBIENTAL,PRESENCIAL,SISU
2023011223,2023,ITABIRA,ENGENHARIA DE PRODUÇÃO,PRESENCIAL,SISU
2023003974,2023,ITABIRA,ENGENHARIA DA MOBILIDADE,PRESENCIAL,SISU
2023006063,2023,ITABIRA,ENGENHARIA AMBIENTAL,PRESENCIAL,SISU
2023003473,2023,ITABIRA,ENGENHARIA DE PRODUÇÃO,PRESENCIAL,SISU
2023004247,2023,ITABIRA,ENGENHARIA MECÂNICA,PRESENCIAL,SISU
2023006706,2023,ITABIRA,ENGENHARIA ELÉTRICA,PRESENCIAL,SISU
2023006869,2023,ITABIRA,ENGENHARIA DE SAÚDE E SEGURANÇA,PRESENCIAL,SISU
2023010496,2023,ITABIRA,ENGENHARIA MECÂNICA,PRESENCIAL,SISU
2023001030,2023,ITABIRA,ENGENHARIA DE CONTROLE E AUTOMAÇÃO,PRESENCIAL,SISU
2023006107,2023,ITABIRA,ENGENHARIA AMBIENTAL,PRESENCIAL,SISU
2023010683,2023,ITABIRA,ENGENHARIA ELÉTRICA,PRESENCIAL,SISU
2023004200,2023,ITABIRA,ENGENHARIA DA MOBILIDADE,PRESENCIAL,SISU
2023000936,2023,ITABIRA,ENGENHARIA MECÂNICA,PRESENCIAL,SISU
2023007516,2023,ITABIRA,ENGENHARIA DE MATERIAIS,PRESENCIAL,SISU
2023006902,2023,ITABIRA,ENGENHARIA DE CONTROLE E AUTOMAÇÃO,PRESENCIAL,SISU
2023007580,2023,ITABIRA,ENGENHARIA ELÉTRICA,PRESENCIAL,SISU
2023011608,2023,ITABIRA,ENGENHARIA DE SAÚDE E SEGURANÇA,PRESENCIAL,SISU
2023000201,2023,ITABIRA,ENGENHARIA DE CONTROLE E AUTOMAÇÃO,PRESENCIAL,TRANSFERENCIA INTERNA
2023006911,2023,ITABIRA,ENGENHARIA DE CONTROLE E AUTOMAÇÃO,PRESENCIAL,SISU
2023009539,2023,ITABIRA,ENGENHARIA AMBIENTAL,PRESENCIAL,SISU
2023002770,2023,ITABIRA,ENGENHARIA ELÉTRICA,PRESENCIAL,SISU
2023005226,2023,ITABIRA,ENGENHARIA DE PRODUÇÃO,PRESENCIAL,SISU
2023007525,2023,ITABIRA,ENGENHARIA DE MATERIAIS,PRESENCIAL,SISU
2023000032,2023,ITABIRA,ENGENHARIA DA MOBILIDADE,PRESENCIAL,TRANSFERENCIA EXTERNA
2023011401,2023,ITABIRA,ENGENHARIA MECÂNICA,PRESENCIAL,SISU
2023010647,2023,ITABIRA,ENGENHARIA DE SAÚDE E SEGURANÇA,PRESENCIAL,SISU
2023000711,2023,ITABIRA,ENGENHARIA MECÂNICA,PRESENCIAL,TRANSFERENCIA EXTERNA
2023004238,2023,ITABIRA,ENGENHARIA ELÉTRICA,PRESENCIAL,SISU
2023000097,2023,ITABIRA,ENGENHARIA DE CONTROLE E AUTOMAÇÃO,PRESENCIAL,TRANSFERENCIA INTERNA
2023011359,2023,ITABIRA,ENGENHARIA DE CONTROLE E AUTOMAÇÃO,PRESENCIAL,SISU
2023011742,2023,ITABIRA,ENGENHARIA AMBIENTAL,PRESENCIAL,SISU
2023003983,2023,ITABIRA,ENGENHARIA DE CONTROLE E AUTOMAÇÃO,PRESENCIAL,SISU
2023009136,2023,ITABIRA,ENGENHARIA DE COMPUTAÇÃO,PRESENCIAL,SISU
2023010905,2023,ITABIRA,ENGENHARIA DE CONTROLE E AUTOMAÇÃO,PRESENCIAL,SISU
2023011288,2023,ITABIRA,ENGENHARIA AMBIENTAL,PRESENCIAL,SISU
2023004102,2023,ITABIRA,ENGENHARIA DE CONTROLE E AUTOMAÇÃO,PRESENCIAL,SISU
2023010280,2023,ITABIRA,ENGENHARIA DE CONTROLE E AUTOMAÇÃO,PRESENCIAL,SISU
2023007534,2023,ITABIRA,ENGENHARIA DE MATERIAIS,PRESENCIAL,SISU
2023003642,2023,ITABIRA,ENGENHARIA AMBIENTAL,PRESENCIAL,SISU
2023009261,2023,ITABIRA,ENGENHARIA DE COMPUTAÇÃO,PRESENCIAL,SISU
2023003553,2023,ITABIRA,ENGENHARIA MECÂNICA,PRESENCIAL,SISU
2023009619,2023,ITABIRA,ENGENHARIA DE CONTROLE E AUTOMAÇÃO,PRESENCIAL,SISU
2023003446,2023,ITABIRA,ENGENHARIA DE PRODUÇÃO,PRESENCIAL,SISU
2023007599,2023,ITABIRA,ENGENHARIA ELÉTRICA,PRESENCIAL,SISU
2023009996,2023,ITABIRA,ENGENHARIA DE MATERIAIS,PRESENCIAL,SISU
2023001460,2023,ITABIRA,ENGENHARIA MECÂNICA,PRESENCIAL,SISU
2023003428,2023,ITABIRA,ENGENHARIA DE PRODUÇÃO,PRESENCIAL,SISU
2023012276,2023,ITABIRA,ENGENHARIA ELÉTRICA,PRESENCIAL,SISU
2023009833,2023,ITABIRA,ENGENHARIA DE COMPUTAÇÃO,PRESENCIAL,SISU
2023002707,2023,ITABIRA,ENGENHARIA DE COMPUTAÇÃO,PRESENCIAL,SISU
2023001380,2023,ITABIRA,ENGENHARIA AMBIENTAL,PRESENCIAL,SISU
2023008175,2023,ITABIRA,ENGENHARIA DA MOBILIDADE,PRESENCIAL,SISU
2023009243,2023,ITABIRA,ENGENHARIA DE SAÚDE E SEGURANÇA,PRESENCIAL,SISU
2023002995,2023,ITABIRA,ENGENHARIA DE PRODUÇÃO,PRESENCIAL,SISU
2023009047,2023,ITABIRA,ENGENHARIA AMBIENTAL,PRESENCIAL,SISU
2023009790,2023,ITABIRA,ENGENHARIA DA MOBILIDADE,PRESENCIAL,SISU
2023005235,2023,ITABIRA,ENGENHARIA DE PRODUÇÃO,PRESENCIAL,SISU
2023009655,2023,ITABIRA,ENGENHARIA DE PRODUÇÃO,PRESENCIAL,SISU
2023007543,2023,ITABIRA,ENGENHARIA DE MATERIAIS,PRESENCIAL,SISU
2023003508,2023,ITABIRA,ENGENHARIA DE PRODUÇÃO,PRESENCIAL,SISU
2023002565,2023,ITABIRA,ENGENHARIA DE SAÚDE E SEGURANÇA,PRESENCIAL,SISU
2023003393,2023,ITABIRA,ENGENHARIA DE PRODUÇÃO,PRESENCIAL,SISU
2023008380,2023,ITABIRA,ENGENHARIA MECÂNICA,PRESENCIAL,SISU
2023006330,2023,ITABIRA,ENGENHARIA DE PRODUÇÃO,PRESENCIAL,SISU
2023012820,2023,ITABIRA,ENGENHARIA DE COMPUTAÇÃO,PRESENCIAL,SISU
2023011770,2023,ITABIRA,ENGENHARIA DE SAÚDE E SEGURANÇA,PRESENCIAL,SISU
2023011798,2023,ITABIRA,ENGENHARIA DE SAÚDE E SEGURANÇA,PRESENCIAL,SISU
2023004274,2023,ITABIRA,ENGENHARIA DE SAÚDE E SEGURANÇA,PRESENCIAL,SISU
2023009593,2023,ITABIRA,ENGENHARIA DE MATERIAIS,PRESENCIAL,SISU
2023003301,2023,ITABIRA,ENGENHARIA AMBIENTAL,PRESENCIAL,SISU
2023003286,2023,ITABIRA,ENGENHARIA DE CONTROLE E AUTOMAÇÃO,PRESENCIAL,SISU
2023010217,2023,ITABIRA,ENGENHARIA MECÂNICA,PRESENCIAL,SISU
2023004588,2023,ITABIRA,ENGENHARIA DE SAÚDE E SEGURANÇA,PRESENCIAL,SISU
2023006715,2023,ITABIRA,ENGENHARIA ELÉTRICA,PRESENCIAL,SISU
2023006090,2023,ITABIRA,ENGENHARIA MECÂNICA,PRESENCIAL,SISU
2023013362,2023,ITABIRA,ENGENHARIA DE COMPUTAÇÃO,PRESENCIAL,SISU
2023010244,2023,ITABIRA,ENGENHARIA MECÂNICA,PRESENCIAL,SISU
2023007300,2023,ITABIRA,ENGENHARIA DE CONTROLE E AUTOMAÇÃO,PRESENCIAL,SISU
2023003375,2023,ITABIRA,ENGENHARIA DE MATERIAIS,PRESENCIAL,SISU
2023009628,2023,ITABIRA,ENGENHARIA DE CONTROLE E AUTOMAÇÃO,PRESENCIAL,SISU
2023003339,2023,ITABIRA,ENGENHARIA DE COMPUTAÇÃO,PRESENCIAL,SISU
2023013120,2023,ITABIRA,ENGENHARIA DE COMPUTAÇÃO,PRESENCIAL,SISU
2023004185,2023,ITABIRA,ENGENHARIA DE CONTROLE E AUTOMAÇÃO,PRESENCIAL,SISU
2023009637,2023,ITABIRA,ENGENHARIA DE CONTROLE E AUTOMAÇÃO,PRESENCIAL,SISU
2023011789,2023,ITABIRA,ENGENHARIA AMBIENTAL,PRESENCIAL,SISU
2023004354,2023,ITABIRA,ENGENHARIA DE COMPUTAÇÃO,PRESENCIAL,SISU
2023006321,2023,ITABIRA,ENGENHARIA DE COMPUTAÇÃO,PRESENCIAL,SISU
2023012543,2023,ITABIRA,ENGENHARIA DE COMPUTAÇÃO,PRESENCIAL,SISU
2023012525,2023,ITABIRA,ENGENHARIA DE COMPUTAÇÃO,PRESENCIAL,SISU
2023011241,2023,ITABIRA,ENGENHARIA DE COMPUTAÇÃO,PRESENCIAL,SISU
2023006896,2023,ITABIRA,ENGENHARIA AMBIENTAL,PRESENCIAL,SISU
2023001844,2023,ITABIRA,ENGENHARIA DE PRODUÇÃO,PRESENCIAL,SISU
2023009252,2023,ITABIRA,ENGENHARIA DE SAÚDE E SEGURANÇA,PRESENCIAL,SISU
2023004668,2023,ITABIRA,ENGENHARIA ELÉTRICA,PRESENCIAL,SISU
2023009664,2023,ITABIRA,ENGENHARIA DE CONTROLE E AUTOMAÇÃO,PRESENCIAL,SISU
2023009216,2023,ITABIRA,ENGENHARIA DE COMPUTAÇÃO,PRESENCIAL,SISU
2023005155,2023,ITABIRA,ENGENHARIA DE CONTROLE E AUTOMAÇÃO,PRESENCIAL,SISU
2023009477,2023,ITABIRA,ENGENHARIA ELÉTRICA,PRESENCIAL,SISU
2023009074,2023,ITABIRA,ENGENHARIA DE SAÚDE E SEGURANÇA,PRESENCIAL,SISU
2023002458,2023,ITABIRA,ENGENHARIA DE SAÚDE E SEGURANÇA,PRESENCIAL,SISU
2023006368,2023,ITABIRA,ENGENHARIA DE PRODUÇÃO,PRESENCIAL,SISU
2023000220,2023,ITABIRA,ENGENHARIA MECÂNICA,PRESENCIAL,TRANSFERENCIA INTERNA
2023003366,2023,ITABIRA,ENGENHARIA DE PRODUÇÃO,PRESENCIAL,SISU
2023010727,2023,ITABIRA,ENGENHARIA ELÉTRICA,PRESENCIAL,SISU
2023003150,2023,ITABIRA,ENGENHARIA DA MOBILIDADE,PRESENCIAL,SISU
2023005093,2023,ITABIRA,ENGENHARIA DA MOBILIDADE,PRESENCIAL,SISU
2023003400,2023,ITABIRA,ENGENHARIA DE MATERIAIS,PRESENCIAL,SISU
2023006420,2023,ITABIRA,ENGENHARIA DE PRODUÇÃO,PRESENCIAL,SISU
2023007991,2023,ITABIRA,ENGENHARIA DE CONTROLE E AUTOMAÇÃO,PRESENCIAL,SISU
2023003310,2023,ITABIRA,ENGENHARIA DA MOBILIDADE,PRESENCIAL,SISU
2023002369,2023,ITABIRA,ENGENHARIA DE COMPUTAÇÃO,PRESENCIAL,SISU
2023007561,2023,ITABIRA,ENGENHARIA DE SAÚDE E SEGURANÇA,PRESENCIAL,SISU
2023004980,2023,ITABIRA,ENGENHARIA DE MATERIAIS,PRESENCIAL,SISU
2023009234,2023,ITABIRA,ENGENHARIA DE CONTROLE E AUTOMAÇÃO,PRESENCIAL,SISU
2023006116,2023,ITABIRA,ENGENHARIA AMBIENTAL,PRESENCIAL,SISU
2023001639,2023,ITABIRA,ENGENHARIA ELÉTRICA,PRESENCIAL,SISU
2023005182,2023,ITABIRA,ENGENHARIA DE PRODUÇÃO,PRESENCIAL,SISU
2023002879,2023,ITABIRA,ENGENHARIA DE COMPUTAÇÃO,PRESENCIAL,SISU
2023011303,2023,ITABIRA,ENGENHARIA DE COMPUTAÇÃO,PRESENCIAL,SISU
2023010861,2023,ITABIRA,ENGENHARIA DE COMPUTAÇÃO,PRESENCIAL,SISU
2023001352,2023,ITABIRA,ENGENHARIA MECÂNICA,PRESENCIAL,SISU
2023008308,2023,ITABIRA,ENGENHARIA MECÂNICA,PRESENCIAL,SISU
2023010852,2023,ITABIRA,ENGENHARIA DE COMPUTAÇÃO,PRESENCIAL,SISU
2023011813,2023,ITABIRA,ENGENHARIA DE SAÚDE E SEGURANÇA,PRESENCIAL,SISU
2023009495,2023,ITABIRA,ENGENHARIA DE PRODUÇÃO,PRESENCIAL,SISU
2023007347,2023,ITABIRA,ENGENHARIA DE PRODUÇÃO,PRESENCIAL,SISU
2023001245,2023,ITABIRA,ENGENHARIA AMBIENTAL,PRESENCIAL,SISU
2023004087,2023,ITABIRA,ENGENHARIA DE CONTROLE E AUTOMAÇÃO,PRESENCIAL,SISU
2023010932,2023,ITABIRA,ENGENHARIA DE CONTROLE E AUTOMAÇÃO,PRESENCIAL,SISU
2023006920,2023,ITABIRA,ENGENHARIA DE CONTROLE E AUTOMAÇÃO,PRESENCIAL,SISU
2023008273,2023,ITABIRA,ENGENHARIA DE PRODUÇÃO,PRESENCIAL,SISU
2023012267,2023,ITABIRA,ENGENHARIA DE COMPUTAÇÃO,PRESENCIAL,SISU
2023002289,2023,ITABIRA,ENGENHARIA AMBIENTAL,PRESENCIAL,SISU
2023007024,2023,ITABIRA,ENGENHARIA MECÂNICA,PRESENCIAL,SISU
2023006742,2023,ITABIRA,ENGENHARIA ELÉTRICA,PRESENCIAL,SISU
2023004167,2023,ITABIRA,ENGENHARIA DE CONTROLE E AUTOMAÇÃO,PRESENCIAL,SISU
2023006340,2023,ITABIRA,ENGENHARIA DE COMPUTAÇÃO,PRESENCIAL,SISU
2023007356,2023,ITABIRA,ENGENHARIA DE PRODUÇÃO,PRESENCIAL,SISU
2023001540,2023,ITABIRA,ENGENHARIA ELÉTRICA,PRESENCIAL,SISU
2023006484,2023,ITABIRA,ENGENHARIA DE PRODUÇÃO,PRESENCIAL,SISU
2023007383,2023,ITABIRA,ENGENHARIA DE PRODUÇÃO,PRESENCIAL,SISU
2023006733,2023,ITABIRA,ENGENHARIA DE PRODUÇÃO,PRESENCIAL,SISU
2023009851,2023,ITABIRA,ENGENHARIA DA MOBILIDADE,PRESENCIAL,SISU
2023004149,2023,ITABIRA,ENGENHARIA DE CONTROLE E AUTOMAÇÃO,PRESENCIAL,SISU
2023004194,2023,ITABIRA,ENGENHARIA DE CONTROLE E AUTOMAÇÃO,PRESENCIAL,SISU
2023004443,2023,ITABIRA,ENGENHARIA DE CONTROLE E AUTOMAÇÃO,PRESENCIAL,SISU
2023004120,2023,ITABIRA,ENGENHARIA DE CONTROLE E AUTOMAÇÃO,PRESENCIAL,SISU
2023005020,2023,ITABIRA,ENGENHARIA DE MATERIAIS,PRESENCIAL,SISU
2023004265,2023,ITABIRA,ENGENHARIA AMBIENTAL,PRESENCIAL,SISU
2023011321,2023,ITABIRA,ENGENHARIA DE COMPUTAÇÃO,PRESENCIAL,SISU
2023004990,2023,ITABIRA,ENGENHARIA DE COMPUTAÇÃO,PRESENCIAL,SISU
2023002411,2023,ITABIRA,ENGENHARIA DE SAÚDE E SEGURANÇA,PRESENCIAL,SISU
2023003188,2023,ITABIRA,ENGENHARIA DE MATERIAIS,PRESENCIAL,SISU
2023000112,2023,ITABIRA,ENGENHARIA DE PRODUÇÃO,PRESENCIAL,TRANSFERENCIA INTERNA
2023010880,2023,ITABIRA,ENGENHARIA DE COMPUTAÇÃO,PRESENCIAL,SISU
2023003698,2023,ITABIRA,ENGENHARIA DE SAÚDE E SEGURANÇA,PRESENCIAL,SISU
2023009673,2023,ITABIRA,ENGENHARIA DE CONTROLE E AUTOMAÇÃO,PRESENCIAL,SISU
2023006125,2023,ITABIRA,ENGENHARIA AMBIENTAL,PRESENCIAL,SISU
